,_time,host,blocked,dead,idle,paging,running,sleeping,stopped,total,total_threads,unknown,zombies,class_1,class_2
0,2023-04-12 17:45:00+00:00,pi2testbed,0,0,59,0,0,110,0,169,248,0,0,normal,normal
1,2023-04-12 17:45:10+00:00,pi2testbed,0,0,59,0,0,110,0,169,248,0,0,normal,normal
2,2023-04-12 17:45:20+00:00,pi2testbed,0,0,59,0,0,110,0,169,248,0,0,normal,normal
3,2023-04-12 17:45:30+00:00,pi2testbed,0,0,59,0,0,110,0,169,248,0,0,normal,normal
4,2023-04-12 17:45:40+00:00,pi2testbed,0,0,59,0,0,110,0,169,248,0,0,normal,normal
5,2023-04-12 17:45:50+00:00,pi2testbed,0,0,59,0,0,110,0,169,248,0,0,normal,normal
6,2023-04-12 17:46:00+00:00,pi2testbed,0,0,59,0,0,110,0,169,248,0,0,normal,normal
7,2023-04-12 17:46:10+00:00,pi2testbed,0,0,59,0,0,110,0,169,248,0,0,normal,normal
8,2023-04-12 17:46:20+00:00,pi2testbed,0,0,59,0,0,110,0,169,248,0,0,normal,normal
9,2023-04-12 17:46:30+00:00,pi2testbed,0,0,59,0,0,110,0,169,248,0,0,normal,normal
10,2023-04-12 17:46:40+00:00,pi2testbed,0,0,59,0,0,110,0,169,248,0,0,normal,normal
11,2023-04-12 17:46:50+00:00,pi2testbed,0,0,59,0,0,110,0,169,248,0,0,normal,normal
12,2023-04-12 17:47:00+00:00,pi2testbed,0,0,59,0,0,110,0,169,248,0,0,normal,normal
13,2023-04-12 17:47:10+00:00,pi2testbed,0,0,59,0,0,110,0,169,248,0,0,normal,normal
14,2023-04-12 17:47:20+00:00,pi2testbed,0,0,59,0,0,110,0,169,248,0,0,normal,normal
15,2023-04-12 17:47:30+00:00,pi2testbed,0,0,59,0,0,110,0,169,248,0,0,normal,normal
16,2023-04-12 17:47:40+00:00,pi2testbed,0,0,59,0,0,110,0,169,248,0,0,normal,normal
17,2023-04-12 17:47:50+00:00,pi2testbed,0,0,59,0,0,110,0,169,248,0,0,normal,normal
18,2023-04-12 17:48:00+00:00,pi2testbed,0,0,59,0,0,110,0,169,248,0,0,normal,normal
19,2023-04-12 17:48:10+00:00,pi2testbed,0,0,59,0,0,110,0,169,248,0,0,normal,normal
20,2023-04-12 17:48:20+00:00,pi2testbed,0,0,59,0,0,110,0,169,248,0,0,normal,normal
21,2023-04-12 17:48:30+00:00,pi2testbed,0,0,59,0,0,110,0,169,248,0,0,normal,normal
22,2023-04-12 17:48:40+00:00,pi2testbed,0,0,59,0,0,110,0,169,248,0,0,normal,normal
23,2023-04-12 17:48:50+00:00,pi2testbed,0,0,59,0,0,110,0,169,249,0,0,normal,normal
24,2023-04-12 17:49:00+00:00,pi2testbed,0,0,59,0,0,110,0,169,249,0,0,normal,normal
25,2023-04-12 17:49:10+00:00,pi2testbed,0,0,59,0,0,110,0,169,248,0,0,normal,normal
26,2023-04-12 17:49:20+00:00,pi2testbed,0,0,58,0,0,110,0,168,247,0,0,normal,normal
27,2023-04-12 17:49:30+00:00,pi2testbed,0,0,58,0,0,110,0,168,247,0,0,normal,normal
28,2023-04-12 17:49:40+00:00,pi2testbed,0,0,59,0,0,110,0,169,248,0,0,normal,normal
29,2023-04-12 17:49:50+00:00,pi2testbed,0,0,59,0,0,110,0,169,248,0,0,normal,normal
30,2023-04-12 17:50:00+00:00,pi2testbed,0,0,59,0,0,110,0,169,248,0,0,normal,normal
31,2023-04-12 17:50:10+00:00,pi2testbed,0,0,59,0,0,110,0,169,248,0,0,normal,normal
32,2023-04-12 17:50:20+00:00,pi2testbed,0,0,59,0,0,110,0,169,248,0,0,normal,normal
33,2023-04-12 17:50:30+00:00,pi2testbed,1,0,58,0,0,110,0,169,248,0,0,normal,normal
34,2023-04-12 17:50:40+00:00,pi2testbed,0,0,59,0,0,110,0,169,248,0,0,normal,normal
35,2023-04-12 17:50:50+00:00,pi2testbed,0,0,59,0,0,110,0,169,248,0,0,normal,normal
36,2023-04-12 17:51:00+00:00,pi2testbed,0,0,59,0,0,110,0,169,248,0,0,normal,normal
37,2023-04-12 17:51:10+00:00,pi2testbed,0,0,59,0,0,110,0,169,248,0,0,normal,normal
38,2023-04-12 17:51:20+00:00,pi2testbed,1,0,58,0,0,110,0,169,248,0,0,normal,normal
39,2023-04-12 17:51:30+00:00,pi2testbed,0,0,59,0,0,110,0,169,248,0,0,normal,normal
40,2023-04-12 17:51:40+00:00,pi2testbed,1,0,58,0,0,110,0,169,248,0,0,normal,normal
41,2023-04-12 17:51:50+00:00,pi2testbed,0,0,58,0,0,110,0,168,247,0,0,normal,normal
42,2023-04-12 17:52:00+00:00,pi2testbed,0,0,58,0,0,110,0,168,247,0,0,normal,normal
43,2023-04-12 17:52:10+00:00,pi2testbed,0,0,59,0,0,110,0,169,248,0,0,normal,normal
44,2023-04-12 17:52:20+00:00,pi2testbed,0,0,58,0,0,110,0,168,247,0,0,normal,normal
45,2023-04-12 17:52:30+00:00,pi2testbed,0,0,59,0,0,110,0,169,248,0,0,normal,normal
46,2023-04-12 17:52:40+00:00,pi2testbed,0,0,59,0,0,110,0,169,248,0,0,normal,normal
47,2023-04-12 17:52:50+00:00,pi2testbed,0,0,59,0,0,110,0,169,248,0,0,normal,normal
48,2023-04-12 17:53:00+00:00,pi2testbed,0,0,59,0,0,110,0,169,248,0,0,normal,normal
49,2023-04-12 17:53:10+00:00,pi2testbed,0,0,59,0,0,110,0,169,248,0,0,normal,normal
50,2023-04-12 17:53:20+00:00,pi2testbed,0,0,59,0,0,110,0,169,248,0,0,normal,normal
51,2023-04-12 17:53:30+00:00,pi2testbed,0,0,59,0,0,110,0,169,248,0,0,normal,normal
52,2023-04-12 17:53:40+00:00,pi2testbed,0,0,59,0,0,110,0,169,248,0,0,normal,normal
53,2023-04-12 17:53:50+00:00,pi2testbed,0,0,59,0,0,110,0,169,248,0,0,normal,normal
54,2023-04-12 17:54:00+00:00,pi2testbed,0,0,59,0,0,110,0,169,248,0,0,normal,normal
55,2023-04-12 17:54:10+00:00,pi2testbed,0,0,59,0,0,110,0,169,248,0,0,normal,normal
56,2023-04-12 17:54:20+00:00,pi2testbed,0,0,59,0,0,110,0,169,248,0,0,normal,normal
57,2023-04-12 17:54:30+00:00,pi2testbed,0,0,59,0,0,110,0,169,248,0,0,normal,normal
58,2023-04-12 17:54:40+00:00,pi2testbed,0,0,59,0,0,110,0,169,248,0,0,normal,normal
59,2023-04-12 17:54:50+00:00,pi2testbed,0,0,57,0,1,110,0,168,247,0,0,normal,normal
60,2023-04-12 17:55:00+00:00,pi2testbed,0,0,58,0,0,110,0,168,247,0,0,normal,normal
61,2023-04-12 17:55:10+00:00,pi2testbed,0,0,59,0,0,110,0,169,248,0,0,normal,normal
62,2023-04-12 17:55:20+00:00,pi2testbed,0,0,59,0,0,110,0,169,248,0,0,normal,normal
63,2023-04-12 17:55:30+00:00,pi2testbed,0,0,59,0,0,110,0,169,248,0,0,normal,normal
64,2023-04-12 17:55:40+00:00,pi2testbed,0,0,59,0,0,110,0,169,248,0,0,normal,normal
65,2023-04-12 17:55:50+00:00,pi2testbed,0,0,59,0,0,110,0,169,248,0,0,normal,normal
66,2023-04-12 17:56:00+00:00,pi2testbed,0,0,59,0,0,110,0,169,248,0,0,normal,normal
67,2023-04-12 17:56:10+00:00,pi2testbed,0,0,59,0,0,110,0,169,248,0,0,normal,normal
68,2023-04-12 17:56:20+00:00,pi2testbed,0,0,59,0,0,110,0,169,248,0,0,normal,normal
69,2023-04-12 17:56:30+00:00,pi2testbed,0,0,59,0,0,110,0,169,248,0,0,normal,normal
70,2023-04-12 17:56:40+00:00,pi2testbed,0,0,59,0,0,110,0,169,248,0,0,normal,normal
71,2023-04-12 17:56:50+00:00,pi2testbed,0,0,59,0,0,110,0,169,248,0,0,normal,normal
72,2023-04-12 17:57:00+00:00,pi2testbed,0,0,58,0,0,110,0,168,247,0,0,normal,normal
73,2023-04-12 17:57:10+00:00,pi2testbed,0,0,58,0,0,110,0,168,247,0,0,normal,normal
74,2023-04-12 17:57:20+00:00,pi2testbed,0,0,59,0,0,110,0,169,248,0,0,normal,normal
75,2023-04-12 17:57:30+00:00,pi2testbed,0,0,59,0,0,110,0,169,248,0,0,normal,normal
76,2023-04-12 17:57:40+00:00,pi2testbed,0,0,59,0,0,110,0,169,248,0,0,normal,normal
77,2023-04-12 17:57:50+00:00,pi2testbed,0,0,59,0,0,110,0,169,248,0,0,normal,normal
78,2023-04-12 17:58:00+00:00,pi2testbed,0,0,59,0,0,110,0,169,248,0,0,normal,normal
79,2023-04-12 17:58:10+00:00,pi2testbed,0,0,59,0,0,110,0,169,248,0,0,normal,normal
80,2023-04-12 17:58:20+00:00,pi2testbed,0,0,59,0,0,110,0,169,248,0,0,normal,normal
81,2023-04-12 17:58:30+00:00,pi2testbed,0,0,59,0,0,110,0,169,248,0,0,normal,normal
82,2023-04-12 17:58:40+00:00,pi2testbed,1,0,58,0,0,110,0,169,248,0,0,normal,normal
83,2023-04-12 17:58:50+00:00,pi2testbed,0,0,59,0,0,110,0,169,249,0,0,normal,normal
84,2023-04-12 17:59:00+00:00,pi2testbed,0,0,59,0,0,110,0,169,249,0,0,normal,normal
85,2023-04-12 17:59:10+00:00,pi2testbed,0,0,59,0,0,110,0,169,248,0,0,normal,normal
86,2023-04-12 17:59:20+00:00,pi2testbed,0,0,59,0,0,110,0,169,248,0,0,normal,normal
87,2023-04-12 17:59:30+00:00,pi2testbed,0,0,59,0,0,110,0,169,248,0,0,normal,normal
88,2023-04-12 17:59:40+00:00,pi2testbed,0,0,59,0,0,110,0,169,248,0,0,normal,normal
89,2023-04-12 17:59:50+00:00,pi2testbed,0,0,59,0,0,110,0,169,248,0,0,normal,normal
90,2023-04-12 18:00:00+00:00,pi2testbed,0,0,59,0,0,110,0,169,248,0,0,normal,normal
91,2023-04-12 18:00:10+00:00,pi2testbed,0,0,59,0,0,110,0,169,248,0,0,normal,normal
92,2023-04-12 18:00:20+00:00,pi2testbed,0,0,58,0,0,110,0,168,247,0,0,normal,normal
93,2023-04-12 18:00:30+00:00,pi2testbed,0,0,59,0,0,110,0,169,248,0,0,normal,normal
94,2023-04-12 18:00:40+00:00,pi2testbed,0,0,59,0,0,110,0,169,248,0,0,normal,normal
95,2023-04-12 18:00:50+00:00,pi2testbed,0,0,59,0,0,110,0,169,248,0,0,normal,normal
96,2023-04-12 18:01:00+00:00,pi2testbed,0,0,59,0,0,110,0,169,248,0,0,normal,normal
97,2023-04-12 18:01:10+00:00,pi2testbed,0,0,59,0,0,110,0,169,248,0,0,normal,normal
98,2023-04-12 18:01:20+00:00,pi2testbed,0,0,59,0,0,110,0,169,248,0,0,normal,normal
99,2023-04-12 18:01:30+00:00,pi2testbed,0,0,59,0,0,110,0,169,248,0,0,normal,normal
100,2023-04-12 18:01:40+00:00,pi2testbed,0,0,59,0,0,110,0,169,248,0,0,normal,normal
101,2023-04-12 18:01:50+00:00,pi2testbed,0,0,59,0,0,110,0,169,248,0,0,normal,normal
102,2023-04-12 18:02:00+00:00,pi2testbed,0,0,59,0,0,110,0,169,248,0,0,normal,normal
103,2023-04-12 18:02:10+00:00,pi2testbed,0,0,59,0,0,110,0,169,248,0,0,normal,normal
104,2023-04-12 18:02:20+00:00,pi2testbed,0,0,59,0,0,110,0,169,248,0,0,normal,normal
105,2023-04-12 18:02:30+00:00,pi2testbed,0,0,59,0,0,110,0,169,248,0,0,normal,normal
106,2023-04-12 18:02:40+00:00,pi2testbed,0,0,59,0,0,110,0,169,248,0,0,normal,normal
107,2023-04-12 18:02:50+00:00,pi2testbed,0,0,59,0,0,110,0,169,248,0,0,normal,normal
108,2023-04-12 18:03:00+00:00,pi2testbed,0,0,59,0,0,110,0,169,248,0,0,normal,normal
109,2023-04-12 18:03:10+00:00,pi2testbed,0,0,59,0,0,110,0,169,248,0,0,normal,normal
110,2023-04-12 18:03:20+00:00,pi2testbed,0,0,59,0,0,110,0,169,248,0,0,normal,normal
111,2023-04-12 18:03:30+00:00,pi2testbed,0,0,59,0,0,110,0,169,248,0,0,normal,normal
112,2023-04-12 18:03:40+00:00,pi2testbed,0,0,59,0,0,110,0,169,248,0,0,normal,normal
113,2023-04-12 18:03:50+00:00,pi2testbed,0,0,59,0,0,110,0,169,248,0,0,normal,normal
114,2023-04-12 18:04:00+00:00,pi2testbed,0,0,59,0,0,110,0,169,248,0,0,normal,normal
115,2023-04-12 18:04:10+00:00,pi2testbed,0,0,59,0,0,110,0,169,248,0,0,normal,normal
116,2023-04-12 18:04:20+00:00,pi2testbed,0,0,59,0,0,110,0,169,248,0,0,normal,normal
117,2023-04-12 18:04:30+00:00,pi2testbed,0,0,59,0,0,110,0,169,248,0,0,normal,normal
118,2023-04-12 18:04:40+00:00,pi2testbed,0,0,59,0,0,110,0,169,248,0,0,normal,normal
119,2023-04-12 18:04:50+00:00,pi2testbed,0,0,59,0,0,110,0,169,248,0,0,normal,normal
120,2023-04-12 18:05:00+00:00,pi2testbed,0,0,59,0,0,110,0,169,248,0,0,normal,normal
121,2023-04-12 18:05:10+00:00,pi2testbed,0,0,59,0,0,110,0,169,248,0,0,normal,normal
122,2023-04-12 18:05:20+00:00,pi2testbed,0,0,59,0,0,110,0,169,248,0,0,normal,normal
123,2023-04-12 18:05:30+00:00,pi2testbed,0,0,58,0,0,110,0,168,247,0,0,normal,normal
124,2023-04-12 18:05:40+00:00,pi2testbed,0,0,58,0,0,110,0,168,247,0,0,normal,normal
125,2023-04-12 18:05:50+00:00,pi2testbed,0,0,59,0,0,110,0,169,248,0,0,normal,normal
126,2023-04-12 18:06:00+00:00,pi2testbed,0,0,59,0,0,110,0,169,248,0,0,normal,normal
127,2023-04-12 18:06:10+00:00,pi2testbed,0,0,59,0,0,110,0,169,248,0,0,normal,normal
128,2023-04-12 18:06:20+00:00,pi2testbed,0,0,59,0,0,110,0,169,248,0,0,normal,normal
129,2023-04-12 18:06:30+00:00,pi2testbed,0,0,59,0,0,110,0,169,248,0,0,normal,normal
130,2023-04-12 18:06:40+00:00,pi2testbed,1,0,58,0,0,110,0,169,248,0,0,normal,normal
131,2023-04-12 18:06:50+00:00,pi2testbed,0,0,59,0,0,110,0,169,248,0,0,normal,normal
132,2023-04-12 18:07:00+00:00,pi2testbed,0,0,59,0,0,110,0,169,248,0,0,normal,normal
133,2023-04-12 18:07:10+00:00,pi2testbed,0,0,59,0,0,110,0,169,248,0,0,normal,normal
134,2023-04-12 18:07:20+00:00,pi2testbed,0,0,59,0,0,110,0,169,248,0,0,normal,normal
135,2023-04-12 18:07:30+00:00,pi2testbed,0,0,59,0,0,110,0,169,248,0,0,normal,normal
136,2023-04-12 18:07:40+00:00,pi2testbed,0,0,59,0,0,110,0,169,248,0,0,normal,normal
137,2023-04-12 18:07:50+00:00,pi2testbed,0,0,59,0,0,110,0,169,248,0,0,normal,normal
138,2023-04-12 18:08:00+00:00,pi2testbed,0,0,59,0,0,110,0,169,248,0,0,normal,normal
139,2023-04-12 18:08:10+00:00,pi2testbed,0,0,59,0,0,110,0,169,248,0,0,normal,normal
140,2023-04-12 18:08:20+00:00,pi2testbed,0,0,59,0,0,110,0,169,248,0,0,normal,normal
141,2023-04-12 18:08:30+00:00,pi2testbed,0,0,59,0,0,110,0,169,248,0,0,normal,normal
142,2023-04-12 18:08:40+00:00,pi2testbed,0,0,59,0,0,110,0,169,248,0,0,normal,normal
143,2023-04-12 18:08:50+00:00,pi2testbed,0,0,59,0,0,110,0,169,249,0,0,normal,normal
144,2023-04-12 18:09:00+00:00,pi2testbed,0,0,59,0,0,110,0,169,249,0,0,normal,normal
145,2023-04-12 18:09:10+00:00,pi2testbed,0,0,59,0,0,110,0,169,248,0,0,normal,normal
146,2023-04-12 18:09:20+00:00,pi2testbed,0,0,59,0,0,110,0,169,248,0,0,normal,normal
147,2023-04-12 18:09:30+00:00,pi2testbed,0,0,59,0,0,110,0,169,248,0,0,normal,normal
148,2023-04-12 18:09:40+00:00,pi2testbed,0,0,59,0,0,110,0,169,248,0,0,normal,normal
149,2023-04-12 18:09:50+00:00,pi2testbed,0,0,59,0,0,110,0,169,248,0,0,normal,normal
150,2023-04-12 18:10:00+00:00,pi2testbed,0,0,59,0,0,110,0,169,248,0,0,normal,normal
151,2023-04-12 18:10:10+00:00,pi2testbed,0,0,59,0,0,110,0,169,248,0,0,normal,normal
152,2023-04-12 18:10:20+00:00,pi2testbed,0,0,59,0,0,110,0,169,248,0,0,normal,normal
153,2023-04-12 18:10:30+00:00,pi2testbed,0,0,59,0,0,110,0,169,248,0,0,normal,normal
154,2023-04-12 18:10:40+00:00,pi2testbed,0,0,59,0,0,110,0,169,248,0,0,normal,normal
155,2023-04-12 18:10:50+00:00,pi2testbed,0,0,58,0,0,110,0,168,247,0,0,normal,normal
156,2023-04-12 18:11:00+00:00,pi2testbed,0,0,59,0,0,110,0,169,248,0,0,normal,normal
157,2023-04-12 18:11:10+00:00,pi2testbed,0,0,59,0,0,110,0,169,248,0,0,normal,normal
158,2023-04-12 18:11:20+00:00,pi2testbed,0,0,59,0,0,110,0,169,248,0,0,normal,normal
159,2023-04-12 18:11:30+00:00,pi2testbed,0,0,59,0,0,110,0,169,248,0,0,normal,normal
160,2023-04-12 18:11:40+00:00,pi2testbed,0,0,59,0,0,110,0,169,248,0,0,normal,normal
161,2023-04-12 18:11:50+00:00,pi2testbed,0,0,59,0,0,110,0,169,248,0,0,normal,normal
162,2023-04-12 18:12:00+00:00,pi2testbed,0,0,59,0,0,110,0,169,248,0,0,normal,normal
163,2023-04-12 18:12:10+00:00,pi2testbed,0,0,59,0,0,110,0,169,248,0,0,normal,normal
164,2023-04-12 18:12:20+00:00,pi2testbed,0,0,59,0,0,110,0,169,248,0,0,normal,normal
165,2023-04-12 18:12:30+00:00,pi2testbed,0,0,59,0,0,110,0,169,248,0,0,normal,normal
166,2023-04-12 18:12:40+00:00,pi2testbed,0,0,59,0,0,110,0,169,248,0,0,normal,normal
167,2023-04-12 18:12:50+00:00,pi2testbed,0,0,59,0,0,110,0,169,248,0,0,normal,normal
168,2023-04-12 18:13:00+00:00,pi2testbed,0,0,59,0,0,110,0,169,248,0,0,normal,normal
169,2023-04-12 18:13:10+00:00,pi2testbed,0,0,58,0,0,110,0,168,247,0,0,normal,normal
170,2023-04-12 18:13:20+00:00,pi2testbed,0,0,59,0,0,110,0,169,248,0,0,normal,normal
171,2023-04-12 18:13:30+00:00,pi2testbed,0,0,59,0,0,110,0,169,248,0,0,normal,normal
172,2023-04-12 18:13:40+00:00,pi2testbed,0,0,59,0,0,110,0,169,248,0,0,normal,normal
173,2023-04-12 18:13:50+00:00,pi2testbed,0,0,59,0,0,110,0,169,248,0,0,normal,normal
174,2023-04-12 18:14:00+00:00,pi2testbed,0,0,59,0,0,110,0,169,248,0,0,normal,normal
175,2023-04-12 18:14:10+00:00,pi2testbed,0,0,59,0,0,110,0,169,248,0,0,normal,normal
176,2023-04-12 18:14:20+00:00,pi2testbed,0,0,59,0,0,110,0,169,248,0,0,normal,normal
177,2023-04-12 18:14:30+00:00,pi2testbed,0,0,59,0,0,110,0,169,248,0,0,normal,normal
178,2023-04-12 18:14:40+00:00,pi2testbed,0,0,59,0,0,110,0,169,248,0,0,normal,normal
179,2023-04-12 18:14:50+00:00,pi2testbed,0,0,59,0,0,110,0,169,248,0,0,normal,normal
180,2023-04-12 18:15:00+00:00,pi2testbed,0,0,59,0,0,110,0,169,248,0,0,normal,normal
181,2023-04-12 18:15:10+00:00,pi2testbed,0,0,59,0,0,110,0,169,248,0,0,normal,normal
182,2023-04-12 18:15:20+00:00,pi2testbed,0,0,58,0,1,110,0,169,248,0,0,normal,normal
183,2023-04-12 18:15:30+00:00,pi2testbed,0,0,59,0,0,110,0,169,248,0,0,normal,normal
184,2023-04-12 18:15:40+00:00,pi2testbed,0,0,59,0,0,110,0,169,248,0,0,normal,normal
185,2023-04-12 18:15:50+00:00,pi2testbed,0,0,59,0,0,110,0,169,248,0,0,normal,normal
186,2023-04-12 18:16:00+00:00,pi2testbed,0,0,59,0,0,110,0,169,248,0,0,normal,normal
187,2023-04-12 18:16:10+00:00,pi2testbed,0,0,59,0,0,110,0,169,248,0,0,normal,normal
188,2023-04-12 18:16:20+00:00,pi2testbed,0,0,59,0,0,110,0,169,248,0,0,normal,normal
189,2023-04-12 18:16:30+00:00,pi2testbed,0,0,59,0,0,110,0,169,248,0,0,normal,normal
190,2023-04-12 18:16:40+00:00,pi2testbed,0,0,59,0,0,110,0,169,248,0,0,normal,normal
191,2023-04-12 18:16:50+00:00,pi2testbed,0,0,59,0,0,110,0,169,248,0,0,normal,normal
192,2023-04-12 18:17:00+00:00,pi2testbed,0,0,59,0,0,110,0,169,248,0,0,normal,normal
193,2023-04-12 18:17:10+00:00,pi2testbed,0,0,59,0,0,110,0,169,248,0,0,normal,normal
194,2023-04-12 18:17:20+00:00,pi2testbed,0,0,59,0,0,110,0,169,248,0,0,normal,normal
195,2023-04-12 18:17:30+00:00,pi2testbed,0,0,59,0,0,110,0,169,248,0,0,normal,normal
196,2023-04-12 18:17:40+00:00,pi2testbed,0,0,60,0,0,110,0,170,249,0,0,normal,normal
197,2023-04-12 18:17:50+00:00,pi2testbed,0,0,60,0,0,110,0,170,249,0,0,normal,normal
198,2023-04-12 18:18:00+00:00,pi2testbed,0,0,60,0,0,110,0,170,249,0,0,normal,normal
199,2023-04-12 18:18:10+00:00,pi2testbed,0,0,60,0,0,110,0,170,249,0,0,normal,normal
200,2023-04-12 18:18:20+00:00,pi2testbed,0,0,60,0,0,110,0,170,249,0,0,normal,normal
201,2023-04-12 18:18:30+00:00,pi2testbed,0,0,60,0,0,110,0,170,249,0,0,normal,normal
202,2023-04-12 18:18:40+00:00,pi2testbed,0,0,60,0,0,110,0,170,249,0,0,normal,normal
203,2023-04-12 18:18:50+00:00,pi2testbed,0,0,60,0,0,110,0,170,250,0,0,normal,normal
204,2023-04-12 18:19:00+00:00,pi2testbed,0,0,60,0,0,110,0,170,250,0,0,normal,normal
205,2023-04-12 18:19:10+00:00,pi2testbed,1,0,59,0,0,110,0,170,249,0,0,normal,normal
206,2023-04-12 18:19:20+00:00,pi2testbed,0,0,60,0,0,110,0,170,249,0,0,normal,normal
207,2023-04-12 18:19:30+00:00,pi2testbed,0,0,60,0,0,110,0,170,249,0,0,normal,normal
208,2023-04-12 18:19:40+00:00,pi2testbed,0,0,60,0,0,110,0,170,249,0,0,normal,normal
209,2023-04-12 18:19:50+00:00,pi2testbed,0,0,60,0,0,110,0,170,249,0,0,normal,normal
210,2023-04-12 18:20:00+00:00,pi2testbed,0,0,60,0,0,110,0,170,249,0,0,normal,normal
211,2023-04-12 18:20:10+00:00,pi2testbed,0,0,60,0,0,110,0,170,249,0,0,normal,normal
212,2023-04-12 18:20:20+00:00,pi2testbed,0,0,60,0,0,110,0,170,249,0,0,normal,normal
213,2023-04-12 18:20:30+00:00,pi2testbed,0,0,60,0,0,110,0,170,249,0,0,normal,normal
214,2023-04-12 18:20:40+00:00,pi2testbed,0,0,60,0,0,110,0,170,249,0,0,normal,normal
215,2023-04-12 18:20:50+00:00,pi2testbed,0,0,60,0,0,110,0,170,249,0,0,normal,normal
216,2023-04-12 18:21:00+00:00,pi2testbed,0,0,60,0,0,110,0,170,249,0,0,normal,normal
217,2023-04-12 18:21:10+00:00,pi2testbed,0,0,60,0,0,110,0,170,249,0,0,normal,normal
218,2023-04-12 18:21:20+00:00,pi2testbed,0,0,60,0,0,110,0,170,249,0,0,normal,normal
219,2023-04-12 18:21:30+00:00,pi2testbed,0,0,60,0,0,110,0,170,249,0,0,normal,normal
220,2023-04-12 18:21:40+00:00,pi2testbed,0,0,60,0,0,110,0,170,249,0,0,normal,normal
221,2023-04-12 18:21:50+00:00,pi2testbed,0,0,60,0,0,110,0,170,249,0,0,normal,normal
222,2023-04-12 18:22:00+00:00,pi2testbed,0,0,60,0,0,110,0,170,249,0,0,normal,normal
223,2023-04-12 18:22:10+00:00,pi2testbed,0,0,60,0,0,110,0,170,249,0,0,normal,normal
224,2023-04-12 18:22:20+00:00,pi2testbed,0,0,60,0,0,110,0,170,249,0,0,normal,normal
225,2023-04-12 18:22:30+00:00,pi2testbed,0,0,60,0,0,110,0,170,249,0,0,normal,normal
226,2023-04-12 18:22:40+00:00,pi2testbed,0,0,59,0,0,110,0,169,248,0,0,normal,normal
227,2023-04-12 18:22:50+00:00,pi2testbed,0,0,59,0,0,110,0,169,248,0,0,normal,normal
228,2023-04-12 18:23:00+00:00,pi2testbed,0,0,59,0,0,110,0,169,248,0,0,normal,normal
229,2023-04-12 18:23:10+00:00,pi2testbed,0,0,59,0,0,110,0,169,248,0,0,normal,normal
230,2023-04-12 18:23:20+00:00,pi2testbed,0,0,59,0,0,110,0,169,248,0,0,normal,normal
231,2023-04-12 18:23:30+00:00,pi2testbed,0,0,59,0,1,109,0,169,248,0,0,normal,normal
232,2023-04-12 18:23:40+00:00,pi2testbed,0,0,58,0,0,110,0,168,247,0,0,normal,normal
233,2023-04-12 18:23:50+00:00,pi2testbed,0,0,58,0,0,110,0,168,247,0,0,normal,normal
234,2023-04-12 18:24:00+00:00,pi2testbed,0,0,59,0,0,110,0,169,248,0,0,normal,normal
235,2023-04-12 18:24:10+00:00,pi2testbed,1,0,58,0,0,110,0,169,248,0,0,normal,normal
236,2023-04-12 18:24:20+00:00,pi2testbed,0,0,59,0,0,110,0,169,248,0,0,normal,normal
237,2023-04-12 18:24:30+00:00,pi2testbed,0,0,59,0,0,110,0,169,248,0,0,normal,normal
238,2023-04-12 18:24:40+00:00,pi2testbed,0,0,59,0,0,110,0,169,248,0,0,normal,normal
239,2023-04-12 18:24:50+00:00,pi2testbed,0,0,59,0,0,110,0,169,248,0,0,normal,normal
240,2023-04-12 18:25:00+00:00,pi2testbed,0,0,59,0,0,110,0,169,248,0,0,normal,normal
241,2023-04-12 18:25:10+00:00,pi2testbed,0,0,59,0,0,110,0,169,248,0,0,normal,normal
242,2023-04-12 18:25:20+00:00,pi2testbed,0,0,59,0,0,110,0,169,248,0,0,normal,normal
243,2023-04-12 18:25:30+00:00,pi2testbed,0,0,59,0,0,110,0,169,248,0,0,normal,normal
244,2023-04-12 18:25:40+00:00,pi2testbed,0,0,59,0,0,110,0,169,248,0,0,normal,normal
245,2023-04-12 18:25:50+00:00,pi2testbed,0,0,59,0,0,110,0,169,248,0,0,normal,normal
246,2023-04-12 18:26:00+00:00,pi2testbed,0,0,59,0,0,110,0,169,248,0,0,normal,normal
247,2023-04-12 18:26:10+00:00,pi2testbed,0,0,59,0,0,110,0,169,248,0,0,normal,normal
248,2023-04-12 18:26:20+00:00,pi2testbed,0,0,59,0,0,110,0,169,248,0,0,normal,normal
249,2023-04-12 18:26:30+00:00,pi2testbed,0,0,58,0,0,110,0,168,247,0,0,normal,normal
250,2023-04-12 18:26:40+00:00,pi2testbed,0,0,58,0,0,110,0,168,247,0,0,normal,normal
251,2023-04-12 18:26:50+00:00,pi2testbed,0,0,59,0,0,110,0,169,248,0,0,normal,normal
252,2023-04-12 18:27:00+00:00,pi2testbed,0,0,59,0,0,110,0,169,248,0,0,normal,normal
253,2023-04-12 18:27:10+00:00,pi2testbed,0,0,59,0,0,110,0,169,248,0,0,normal,normal
254,2023-04-12 18:27:20+00:00,pi2testbed,0,0,59,0,0,110,0,169,248,0,0,normal,normal
255,2023-04-12 18:27:30+00:00,pi2testbed,0,0,59,0,0,110,0,169,248,0,0,normal,normal
256,2023-04-12 18:27:40+00:00,pi2testbed,0,0,59,0,0,110,0,169,248,0,0,normal,normal
257,2023-04-12 18:27:50+00:00,pi2testbed,0,0,59,0,0,110,0,169,248,0,0,normal,normal
258,2023-04-12 18:28:00+00:00,pi2testbed,0,0,59,0,0,110,0,169,248,0,0,normal,normal
259,2023-04-12 18:28:10+00:00,pi2testbed,0,0,59,0,0,110,0,169,248,0,0,normal,normal
260,2023-04-12 18:28:20+00:00,pi2testbed,0,0,57,0,0,110,0,167,246,0,0,normal,normal
261,2023-04-12 18:28:30+00:00,pi2testbed,0,0,59,0,0,110,0,169,248,0,0,normal,normal
262,2023-04-12 18:28:40+00:00,pi2testbed,0,0,59,0,0,110,0,169,248,0,0,normal,normal
263,2023-04-12 18:28:50+00:00,pi2testbed,0,0,59,0,0,110,0,169,249,0,0,normal,normal
264,2023-04-12 18:29:00+00:00,pi2testbed,0,0,59,0,0,110,0,169,249,0,0,normal,normal
265,2023-04-12 18:29:10+00:00,pi2testbed,0,0,59,0,0,110,0,169,248,0,0,normal,normal
266,2023-04-12 18:29:20+00:00,pi2testbed,0,0,59,0,0,110,0,169,248,0,0,normal,normal
267,2023-04-12 18:29:30+00:00,pi2testbed,0,0,59,0,0,110,0,169,248,0,0,normal,normal
268,2023-04-12 18:29:40+00:00,pi2testbed,0,0,59,0,0,110,0,169,248,0,0,normal,normal
269,2023-04-12 18:29:50+00:00,pi2testbed,0,0,59,0,0,110,0,169,248,0,0,normal,normal
270,2023-04-12 18:30:00+00:00,pi2testbed,0,0,59,0,0,110,0,169,248,0,0,normal,normal
271,2023-04-12 18:30:10+00:00,pi2testbed,0,0,59,0,0,110,0,169,248,0,0,normal,normal
272,2023-04-12 18:30:20+00:00,pi2testbed,0,0,59,0,0,110,0,169,248,0,0,normal,normal
273,2023-04-12 18:30:30+00:00,pi2testbed,0,0,59,0,0,110,0,169,248,0,0,normal,normal
274,2023-04-12 18:30:40+00:00,pi2testbed,0,0,59,0,0,110,0,169,248,0,0,normal,normal
275,2023-04-12 18:30:50+00:00,pi2testbed,0,0,59,0,0,110,0,169,248,0,0,normal,normal
276,2023-04-12 18:31:00+00:00,pi2testbed,0,0,59,0,0,110,0,169,248,0,0,normal,normal
277,2023-04-12 18:31:10+00:00,pi2testbed,0,0,59,0,0,110,0,169,248,0,0,normal,normal
278,2023-04-12 18:31:20+00:00,pi2testbed,0,0,59,0,0,110,0,169,248,0,0,normal,normal
279,2023-04-12 18:31:30+00:00,pi2testbed,0,0,59,0,0,110,0,169,248,0,0,normal,normal
280,2023-04-12 18:31:40+00:00,pi2testbed,0,0,59,0,0,110,0,169,248,0,0,normal,normal
281,2023-04-12 18:31:50+00:00,pi2testbed,0,0,59,0,0,110,0,169,248,0,0,normal,normal
282,2023-04-12 18:32:00+00:00,pi2testbed,0,0,58,0,0,110,0,168,247,0,0,normal,normal
283,2023-04-12 18:32:10+00:00,pi2testbed,0,0,59,0,0,110,0,169,248,0,0,normal,normal
284,2023-04-12 18:32:20+00:00,pi2testbed,0,0,59,0,0,110,0,169,248,0,0,normal,normal
285,2023-04-12 18:32:30+00:00,pi2testbed,0,0,59,0,0,110,0,169,248,0,0,normal,normal
286,2023-04-12 18:32:40+00:00,pi2testbed,0,0,59,0,0,110,0,169,248,0,0,normal,normal
287,2023-04-12 18:32:50+00:00,pi2testbed,0,0,59,0,0,110,0,169,248,0,0,normal,normal
288,2023-04-12 18:33:00+00:00,pi2testbed,0,0,59,0,0,110,0,169,248,0,0,normal,normal
289,2023-04-12 18:33:10+00:00,pi2testbed,0,0,59,0,0,110,0,169,248,0,0,normal,normal
290,2023-04-12 18:33:20+00:00,pi2testbed,0,0,59,0,0,110,0,169,248,0,0,normal,normal
291,2023-04-12 18:33:30+00:00,pi2testbed,0,0,57,0,0,110,0,167,246,0,0,normal,normal
292,2023-04-12 18:33:40+00:00,pi2testbed,0,0,57,0,0,110,0,167,246,0,0,normal,normal
293,2023-04-12 18:33:50+00:00,pi2testbed,0,0,59,0,0,110,0,169,248,0,0,normal,normal
294,2023-04-12 18:34:00+00:00,pi2testbed,0,0,59,0,0,110,0,169,248,0,0,normal,normal
295,2023-04-12 18:34:10+00:00,pi2testbed,0,0,59,0,0,110,0,169,248,0,0,normal,normal
296,2023-04-12 18:34:20+00:00,pi2testbed,0,0,58,0,0,110,0,168,247,0,0,normal,normal
297,2023-04-12 18:34:30+00:00,pi2testbed,0,0,59,0,0,110,0,169,248,0,0,normal,normal
298,2023-04-12 18:34:40+00:00,pi2testbed,0,0,59,0,0,110,0,169,248,0,0,normal,normal
299,2023-04-12 18:34:50+00:00,pi2testbed,0,0,59,0,0,110,0,169,248,0,0,normal,normal
300,2023-04-12 18:35:00+00:00,pi2testbed,0,0,59,0,0,110,0,169,248,0,0,normal,normal
301,2023-04-12 18:35:10+00:00,pi2testbed,0,0,59,0,0,110,0,169,248,0,0,normal,normal
302,2023-04-12 18:35:20+00:00,pi2testbed,0,0,59,0,0,110,0,169,248,0,0,normal,normal
303,2023-04-12 18:35:30+00:00,pi2testbed,0,0,59,0,0,110,0,169,248,0,0,normal,normal
304,2023-04-12 18:35:40+00:00,pi2testbed,0,0,59,0,0,110,0,169,248,0,0,normal,normal
305,2023-04-12 18:35:50+00:00,pi2testbed,0,0,59,0,0,110,0,169,248,0,0,normal,normal
306,2023-04-12 18:36:00+00:00,pi2testbed,0,0,59,0,0,110,0,169,248,0,0,normal,normal
307,2023-04-12 18:36:10+00:00,pi2testbed,0,0,59,0,0,110,0,169,248,0,0,normal,normal
308,2023-04-12 18:36:20+00:00,pi2testbed,0,0,59,0,0,110,0,169,248,0,0,normal,normal
309,2023-04-12 18:36:30+00:00,pi2testbed,0,0,59,0,0,110,0,169,248,0,0,normal,normal
310,2023-04-12 18:36:40+00:00,pi2testbed,0,0,59,0,0,110,0,169,248,0,0,normal,normal
311,2023-04-12 18:36:50+00:00,pi2testbed,0,0,59,0,0,110,0,169,248,0,0,normal,normal
312,2023-04-12 18:37:00+00:00,pi2testbed,0,0,59,0,0,110,0,169,248,0,0,normal,normal
313,2023-04-12 18:37:10+00:00,pi2testbed,0,0,59,0,0,110,0,169,248,0,0,normal,normal
314,2023-04-12 18:37:20+00:00,pi2testbed,0,0,58,0,0,110,0,168,247,0,0,normal,normal
315,2023-04-12 18:37:30+00:00,pi2testbed,0,0,59,0,0,110,0,169,248,0,0,normal,normal
316,2023-04-12 18:37:40+00:00,pi2testbed,0,0,59,0,0,110,0,169,248,0,0,normal,normal
317,2023-04-12 18:37:50+00:00,pi2testbed,0,0,59,0,0,110,0,169,248,0,0,normal,normal
318,2023-04-12 18:38:00+00:00,pi2testbed,0,0,59,0,0,110,0,169,248,0,0,normal,normal
319,2023-04-12 18:38:10+00:00,pi2testbed,0,0,59,0,0,110,0,169,248,0,0,normal,normal
320,2023-04-12 18:38:20+00:00,pi2testbed,0,0,59,0,0,110,0,169,248,0,0,normal,normal
321,2023-04-12 18:38:30+00:00,pi2testbed,0,0,59,0,0,110,0,169,248,0,0,normal,normal
322,2023-04-12 18:38:40+00:00,pi2testbed,0,0,59,0,0,110,0,169,248,0,0,normal,normal
323,2023-04-12 18:38:50+00:00,pi2testbed,0,0,59,0,0,110,0,169,249,0,0,normal,normal
324,2023-04-12 18:39:00+00:00,pi2testbed,0,0,58,0,0,110,0,168,248,0,0,normal,normal
325,2023-04-12 18:39:10+00:00,pi2testbed,0,0,59,0,0,110,0,169,248,0,0,normal,normal
326,2023-04-12 18:39:20+00:00,pi2testbed,0,0,60,0,0,110,0,170,249,0,0,normal,normal
327,2023-04-12 18:39:30+00:00,pi2testbed,0,0,59,0,0,110,0,169,248,0,0,normal,normal
328,2023-04-12 18:39:40+00:00,pi2testbed,0,0,60,0,0,110,0,170,249,0,0,normal,normal
329,2023-04-12 18:39:50+00:00,pi2testbed,0,0,60,0,0,110,0,170,249,0,0,normal,normal
330,2023-04-12 18:40:00+00:00,pi2testbed,0,0,60,0,0,110,0,170,249,0,0,normal,normal
331,2023-04-12 18:40:10+00:00,pi2testbed,0,0,60,0,0,110,0,170,249,0,0,normal,normal
332,2023-04-12 18:40:20+00:00,pi2testbed,0,0,60,0,0,110,0,170,249,0,0,normal,normal
333,2023-04-12 18:40:30+00:00,pi2testbed,0,0,59,0,1,110,0,170,249,0,0,normal,normal
334,2023-04-12 18:40:40+00:00,pi2testbed,0,0,60,0,0,110,0,170,249,0,0,normal,normal
335,2023-04-12 18:40:50+00:00,pi2testbed,0,0,60,0,0,110,0,170,249,0,0,normal,normal
336,2023-04-12 18:41:00+00:00,pi2testbed,0,0,60,0,0,110,0,170,249,0,0,normal,normal
337,2023-04-12 18:41:10+00:00,pi2testbed,0,0,60,0,0,110,0,170,249,0,0,normal,normal
338,2023-04-12 18:41:20+00:00,pi2testbed,1,0,59,0,0,110,0,170,249,0,0,normal,normal
339,2023-04-12 18:41:30+00:00,pi2testbed,0,0,60,0,0,110,0,170,249,0,0,normal,normal
340,2023-04-12 18:41:40+00:00,pi2testbed,0,0,60,0,0,110,0,170,249,0,0,normal,normal
341,2023-04-12 18:41:50+00:00,pi2testbed,0,0,60,0,0,110,0,170,249,0,0,normal,normal
342,2023-04-12 18:42:00+00:00,pi2testbed,0,0,60,0,0,110,0,170,249,0,0,normal,normal
343,2023-04-12 18:42:10+00:00,pi2testbed,0,0,60,0,0,110,0,170,249,0,0,normal,normal
344,2023-04-12 18:42:20+00:00,pi2testbed,0,0,60,0,0,110,0,170,249,0,0,normal,normal
345,2023-04-12 18:42:30+00:00,pi2testbed,0,0,59,0,0,110,0,169,248,0,0,normal,normal
346,2023-04-12 18:42:40+00:00,pi2testbed,1,0,59,0,0,110,0,170,249,0,0,normal,normal
347,2023-04-12 18:42:50+00:00,pi2testbed,0,0,60,0,0,110,0,170,249,0,0,normal,normal
348,2023-04-12 18:43:00+00:00,pi2testbed,0,0,60,0,0,110,0,170,249,0,0,normal,normal
349,2023-04-12 18:43:10+00:00,pi2testbed,0,0,60,0,0,110,0,170,249,0,0,normal,normal
350,2023-04-12 18:43:20+00:00,pi2testbed,0,0,60,0,0,110,0,170,249,0,0,normal,normal
351,2023-04-12 18:43:30+00:00,pi2testbed,0,0,60,0,0,110,0,170,249,0,0,normal,normal
352,2023-04-12 18:43:40+00:00,pi2testbed,0,0,60,0,0,110,0,170,249,0,0,normal,normal
353,2023-04-12 18:43:50+00:00,pi2testbed,0,0,60,0,0,110,0,170,249,0,0,normal,normal
354,2023-04-12 18:44:00+00:00,pi2testbed,0,0,60,0,0,110,0,170,249,0,0,normal,normal
355,2023-04-12 18:44:10+00:00,pi2testbed,0,0,59,0,0,110,0,169,248,0,0,normal,normal
356,2023-04-12 18:44:20+00:00,pi2testbed,0,0,59,0,0,110,0,169,248,0,0,normal,normal
357,2023-04-12 18:44:30+00:00,pi2testbed,0,0,59,0,0,110,0,169,248,0,0,normal,normal
358,2023-04-12 18:44:40+00:00,pi2testbed,0,0,59,0,0,110,0,169,248,0,0,normal,normal
359,2023-04-12 18:44:50+00:00,pi2testbed,0,0,59,0,0,110,0,169,248,0,0,normal,normal
360,2023-04-12 18:50:00+00:00,pi2testbed,0,0,61,0,0,110,0,171,250,0,0,attack,x1_speedup
361,2023-04-12 18:50:10+00:00,pi2testbed,0,0,61,0,0,110,0,171,250,0,0,attack,x1_speedup
362,2023-04-12 18:50:20+00:00,pi2testbed,0,0,61,0,0,110,0,171,250,0,0,attack,x1_speedup
363,2023-04-12 18:50:30+00:00,pi2testbed,0,0,62,0,22,114,0,198,277,0,0,attack,x1_speedup
364,2023-04-12 18:50:40+00:00,pi2testbed,2,0,62,0,20,114,0,198,277,0,0,attack,x1_speedup
365,2023-04-12 18:50:50+00:00,pi2testbed,0,0,62,0,0,115,0,177,256,0,0,attack,x1_speedup
366,2023-04-12 18:51:00+00:00,pi2testbed,0,0,62,0,0,115,0,177,256,0,0,attack,x1_speedup
367,2023-04-12 18:51:10+00:00,pi2testbed,0,0,62,0,0,115,0,177,256,0,0,attack,x1_speedup
368,2023-04-12 18:51:20+00:00,pi2testbed,0,0,62,0,0,115,0,177,256,0,0,attack,x1_speedup
369,2023-04-12 18:51:30+00:00,pi2testbed,0,0,62,0,0,115,0,177,256,0,0,attack,x1_speedup
370,2023-04-12 18:51:40+00:00,pi2testbed,0,0,62,0,0,110,0,172,251,0,0,attack,x1_speedup
371,2023-04-12 18:51:50+00:00,pi2testbed,0,0,62,0,0,110,0,172,251,0,0,attack,x1_speedup
372,2023-04-12 18:52:00+00:00,pi2testbed,0,0,62,0,0,110,0,172,251,0,0,attack,x1_speedup
373,2023-04-12 18:52:10+00:00,pi2testbed,0,0,62,0,0,110,0,172,251,0,0,attack,x1_speedup
374,2023-04-12 18:52:20+00:00,pi2testbed,0,0,62,0,0,110,0,172,251,0,0,attack,x1_speedup
375,2023-04-12 18:52:30+00:00,pi2testbed,0,0,62,0,0,110,0,172,251,0,0,attack,x1_speedup
376,2023-04-12 18:52:40+00:00,pi2testbed,0,0,61,0,0,110,0,171,250,0,0,attack,x1_speedup
377,2023-04-12 18:52:50+00:00,pi2testbed,0,0,61,0,0,110,0,171,250,0,0,attack,x1_speedup
378,2023-04-12 18:53:00+00:00,pi2testbed,0,0,60,0,0,110,0,170,249,0,0,attack,x1_speedup
379,2023-04-12 18:53:10+00:00,pi2testbed,0,0,60,0,0,110,0,170,249,0,0,attack,x1_speedup
380,2023-04-12 18:53:20+00:00,pi2testbed,0,0,60,0,0,110,0,170,249,0,0,attack,x1_speedup
381,2023-04-12 18:53:30+00:00,pi2testbed,0,0,59,0,0,110,0,169,248,0,0,attack,x1_speedup
382,2023-04-12 18:53:40+00:00,pi2testbed,0,0,59,0,0,110,0,169,248,0,0,attack,x1_speedup
383,2023-04-12 18:53:50+00:00,pi2testbed,0,0,60,0,0,110,0,170,249,0,0,attack,x1_speedup
384,2023-04-12 18:54:00+00:00,pi2testbed,0,0,60,0,0,110,0,170,249,0,0,attack,x1_speedup
385,2023-04-12 18:54:10+00:00,pi2testbed,0,0,60,0,0,110,0,170,249,0,0,attack,x1_speedup
386,2023-04-12 18:54:20+00:00,pi2testbed,0,0,59,0,1,110,0,170,249,0,0,attack,x1_speedup
387,2023-04-12 18:54:30+00:00,pi2testbed,1,0,59,0,0,110,0,170,249,0,0,attack,x1_speedup
388,2023-04-12 18:54:40+00:00,pi2testbed,0,0,60,0,0,110,0,170,249,0,0,attack,x1_speedup
389,2023-04-12 18:54:50+00:00,pi2testbed,0,0,58,0,0,110,0,168,247,0,0,attack,x1_speedup
390,2023-04-12 18:55:00+00:00,pi2testbed,1,0,59,0,0,110,0,170,249,0,0,attack,x1_speedup
391,2023-04-12 18:55:10+00:00,pi2testbed,0,0,60,0,0,110,0,170,249,0,0,attack,x1_speedup
392,2023-04-12 18:55:20+00:00,pi2testbed,0,0,60,0,0,110,0,170,249,0,0,attack,x1_speedup
393,2023-04-12 18:55:30+00:00,pi2testbed,0,0,60,0,0,110,0,170,249,0,0,attack,x1_speedup
394,2023-04-12 18:55:40+00:00,pi2testbed,0,0,59,0,0,110,0,169,248,0,0,attack,x1_speedup
395,2023-04-12 18:55:50+00:00,pi2testbed,0,0,59,0,0,110,0,169,248,0,0,attack,x1_speedup
396,2023-04-12 18:56:00+00:00,pi2testbed,0,0,59,0,0,110,0,169,248,0,0,attack,x1_speedup
397,2023-04-12 18:56:10+00:00,pi2testbed,0,0,59,0,0,110,0,169,248,0,0,attack,x1_speedup
398,2023-04-12 18:56:20+00:00,pi2testbed,0,0,59,0,0,110,0,169,248,0,0,attack,x1_speedup
399,2023-04-12 18:56:30+00:00,pi2testbed,0,0,59,0,0,110,0,169,248,0,0,attack,x1_speedup
400,2023-04-12 18:56:40+00:00,pi2testbed,0,0,59,0,0,110,0,169,248,0,0,attack,x1_speedup
401,2023-04-12 18:56:50+00:00,pi2testbed,0,0,59,0,0,110,0,169,248,0,0,attack,x1_speedup
402,2023-04-12 18:57:00+00:00,pi2testbed,0,0,59,0,0,110,0,169,248,0,0,attack,x1_speedup
403,2023-04-12 18:57:10+00:00,pi2testbed,0,0,59,0,0,110,0,169,248,0,0,attack,x1_speedup
404,2023-04-12 18:57:20+00:00,pi2testbed,0,0,59,0,0,110,0,169,248,0,0,attack,x1_speedup
405,2023-04-12 18:57:30+00:00,pi2testbed,0,0,59,0,0,110,0,169,248,0,0,attack,x1_speedup
406,2023-04-12 18:57:40+00:00,pi2testbed,0,0,59,0,0,110,0,169,248,0,0,attack,x1_speedup
407,2023-04-12 18:57:50+00:00,pi2testbed,0,0,59,0,0,110,0,169,248,0,0,attack,x1_speedup
408,2023-04-12 18:58:00+00:00,pi2testbed,0,0,59,0,0,110,0,169,248,0,0,attack,x1_speedup
409,2023-04-12 18:58:10+00:00,pi2testbed,0,0,59,0,0,110,0,169,248,0,0,attack,x1_speedup
410,2023-04-12 18:58:20+00:00,pi2testbed,0,0,59,0,0,110,0,169,248,0,0,attack,x1_speedup
411,2023-04-12 18:58:30+00:00,pi2testbed,0,0,59,0,0,110,0,169,248,0,0,attack,x1_speedup
412,2023-04-12 18:58:40+00:00,pi2testbed,0,0,59,0,0,110,0,169,248,0,0,attack,x1_speedup
413,2023-04-12 18:58:50+00:00,pi2testbed,0,0,59,0,0,110,0,169,249,0,0,attack,x1_speedup
414,2023-04-12 18:59:00+00:00,pi2testbed,0,0,58,0,0,110,0,168,248,0,0,attack,x1_speedup
415,2023-04-12 18:59:10+00:00,pi2testbed,0,0,59,0,0,110,0,169,248,0,0,attack,x1_speedup
416,2023-04-12 18:59:20+00:00,pi2testbed,0,0,59,0,0,110,0,169,248,0,0,attack,x1_speedup
417,2023-04-12 18:59:30+00:00,pi2testbed,0,0,59,0,0,110,0,169,248,0,0,attack,x1_speedup
418,2023-04-12 18:59:40+00:00,pi2testbed,0,0,59,0,0,110,0,169,248,0,0,attack,x1_speedup
419,2023-04-12 18:59:50+00:00,pi2testbed,0,0,59,0,0,110,0,169,248,0,0,attack,x1_speedup
420,2023-04-12 19:00:00+00:00,pi2testbed,0,0,58,0,0,110,0,168,247,0,0,attack,x1_speedup
421,2023-04-12 19:00:10+00:00,pi2testbed,0,0,58,0,0,110,0,168,247,0,0,attack,x1_speedup
422,2023-04-12 19:00:20+00:00,pi2testbed,0,0,58,0,0,110,0,168,247,0,0,attack,x1_speedup
423,2023-04-12 19:00:30+00:00,pi2testbed,0,0,59,0,0,110,0,169,248,0,0,attack,x1_speedup
424,2023-04-12 19:00:40+00:00,pi2testbed,0,0,59,0,0,110,0,169,248,0,0,attack,x1_speedup
425,2023-04-12 19:00:50+00:00,pi2testbed,0,0,59,0,0,110,0,169,248,0,0,attack,x1_speedup
426,2023-04-12 19:01:00+00:00,pi2testbed,0,0,59,0,0,110,0,169,248,0,0,attack,x1_speedup
427,2023-04-12 19:01:10+00:00,pi2testbed,0,0,59,0,0,110,0,169,248,0,0,attack,x1_speedup
428,2023-04-12 19:01:20+00:00,pi2testbed,0,0,59,0,0,110,0,169,248,0,0,attack,x1_speedup
429,2023-04-12 19:01:30+00:00,pi2testbed,0,0,59,0,1,109,0,169,248,0,0,attack,x1_speedup
430,2023-04-12 19:01:40+00:00,pi2testbed,0,0,59,0,0,110,0,169,248,0,0,attack,x1_speedup
431,2023-04-12 19:01:50+00:00,pi2testbed,0,0,59,0,0,110,0,169,248,0,0,attack,x1_speedup
432,2023-04-12 19:02:00+00:00,pi2testbed,0,0,59,0,0,110,0,169,248,0,0,attack,x1_speedup
433,2023-04-12 19:02:10+00:00,pi2testbed,0,0,59,0,0,110,0,169,248,0,0,attack,x1_speedup
434,2023-04-12 19:02:20+00:00,pi2testbed,0,0,59,0,0,110,0,169,248,0,0,attack,x1_speedup
435,2023-04-12 19:02:30+00:00,pi2testbed,0,0,59,0,0,110,0,169,248,0,0,attack,x1_speedup
436,2023-04-12 19:02:40+00:00,pi2testbed,0,0,59,0,0,110,0,169,248,0,0,attack,x1_speedup
437,2023-04-12 19:02:50+00:00,pi2testbed,0,0,59,0,0,110,0,169,248,0,0,attack,x1_speedup
438,2023-04-12 19:03:00+00:00,pi2testbed,0,0,59,0,0,110,0,169,248,0,0,attack,x1_speedup
439,2023-04-12 19:03:10+00:00,pi2testbed,0,0,59,0,0,110,0,169,248,0,0,attack,x1_speedup
440,2023-04-12 19:03:20+00:00,pi2testbed,0,0,59,0,0,110,0,169,248,0,0,attack,x1_speedup
441,2023-04-12 19:03:30+00:00,pi2testbed,0,0,59,0,0,110,0,169,248,0,0,attack,x1_speedup
442,2023-04-12 19:03:40+00:00,pi2testbed,0,0,59,0,0,110,0,169,248,0,0,attack,x1_speedup
443,2023-04-12 19:03:50+00:00,pi2testbed,0,0,59,0,0,110,0,169,248,0,0,attack,x1_speedup
444,2023-04-12 19:04:00+00:00,pi2testbed,0,0,59,0,0,110,0,169,248,0,0,attack,x1_speedup
445,2023-04-12 19:04:10+00:00,pi2testbed,0,0,59,0,0,110,0,169,248,0,0,attack,x1_speedup
446,2023-04-12 19:04:20+00:00,pi2testbed,0,0,59,0,0,110,0,169,248,0,0,attack,x1_speedup
447,2023-04-12 19:04:30+00:00,pi2testbed,0,0,59,0,0,110,0,169,248,0,0,attack,x1_speedup
448,2023-04-12 19:04:40+00:00,pi2testbed,0,0,59,0,0,110,0,169,248,0,0,attack,x1_speedup
449,2023-04-12 19:04:50+00:00,pi2testbed,0,0,58,0,1,110,0,169,248,0,0,attack,x1_speedup
450,2023-04-12 19:05:00+00:00,pi2testbed,0,0,59,0,0,110,0,169,248,0,0,attack,x1_speedup
451,2023-04-12 19:05:10+00:00,pi2testbed,0,0,58,0,0,110,0,168,247,0,0,attack,x1_speedup
452,2023-04-12 19:05:20+00:00,pi2testbed,0,0,58,0,1,110,0,169,248,0,0,attack,x1_speedup
453,2023-04-12 19:05:30+00:00,pi2testbed,0,0,59,0,0,110,0,169,248,0,0,attack,x1_speedup
454,2023-04-12 19:05:40+00:00,pi2testbed,0,0,59,0,0,110,0,169,248,0,0,attack,x1_speedup
455,2023-04-12 19:05:50+00:00,pi2testbed,0,0,59,0,0,110,0,169,248,0,0,attack,x1_speedup
456,2023-04-12 19:06:00+00:00,pi2testbed,0,0,59,0,0,110,0,169,248,0,0,attack,x1_speedup
457,2023-04-12 19:06:10+00:00,pi2testbed,0,0,59,0,0,110,0,169,248,0,0,attack,x1_speedup
458,2023-04-12 19:06:20+00:00,pi2testbed,0,0,59,0,0,110,0,169,248,0,0,attack,x1_speedup
459,2023-04-12 19:06:30+00:00,pi2testbed,0,0,59,0,0,110,0,169,248,0,0,attack,x1_speedup
460,2023-04-12 19:06:40+00:00,pi2testbed,0,0,59,0,0,110,0,169,248,0,0,attack,x1_speedup
461,2023-04-12 19:06:50+00:00,pi2testbed,0,0,59,0,0,110,0,169,248,0,0,attack,x1_speedup
462,2023-04-12 19:07:00+00:00,pi2testbed,0,0,59,0,0,110,0,169,248,0,0,attack,x1_speedup
463,2023-04-12 19:07:10+00:00,pi2testbed,0,0,59,0,0,110,0,169,248,0,0,attack,x1_speedup
464,2023-04-12 19:07:20+00:00,pi2testbed,0,0,59,0,0,110,0,169,248,0,0,attack,x1_speedup
465,2023-04-12 19:07:30+00:00,pi2testbed,0,0,59,0,0,110,0,169,248,0,0,attack,x1_speedup
466,2023-04-12 19:07:40+00:00,pi2testbed,0,0,59,0,0,110,0,169,248,0,0,attack,x1_speedup
467,2023-04-12 19:07:50+00:00,pi2testbed,0,0,59,0,0,110,0,169,248,0,0,attack,x1_speedup
468,2023-04-12 19:08:00+00:00,pi2testbed,0,0,59,0,0,110,0,169,248,0,0,attack,x1_speedup
469,2023-04-12 19:08:10+00:00,pi2testbed,0,0,59,0,0,110,0,169,248,0,0,attack,x1_speedup
470,2023-04-12 19:08:20+00:00,pi2testbed,0,0,60,0,0,110,0,170,249,0,0,attack,x1_speedup
471,2023-04-12 19:08:30+00:00,pi2testbed,0,0,60,0,0,110,0,170,249,0,0,attack,x1_speedup
472,2023-04-12 19:08:40+00:00,pi2testbed,0,0,60,0,0,110,0,170,249,0,0,attack,x1_speedup
473,2023-04-12 19:08:50+00:00,pi2testbed,0,0,60,0,0,110,0,170,250,0,0,attack,x1_speedup
474,2023-04-12 19:09:00+00:00,pi2testbed,0,0,60,0,0,110,0,170,250,0,0,attack,x1_speedup
475,2023-04-12 19:09:10+00:00,pi2testbed,0,0,60,0,0,110,0,170,249,0,0,attack,x1_speedup
476,2023-04-12 19:09:20+00:00,pi2testbed,1,0,59,0,0,110,0,170,249,0,0,attack,x1_speedup
477,2023-04-12 19:09:30+00:00,pi2testbed,0,0,60,0,0,110,0,170,249,0,0,attack,x1_speedup
478,2023-04-12 19:09:40+00:00,pi2testbed,0,0,60,0,0,110,0,170,249,0,0,attack,x1_speedup
479,2023-04-12 19:09:50+00:00,pi2testbed,0,0,60,0,0,110,0,170,249,0,0,attack,x1_speedup
480,2023-04-12 19:10:00+00:00,pi2testbed,0,0,60,0,0,110,0,170,249,0,0,attack,x1_speedup
481,2023-04-12 19:10:10+00:00,pi2testbed,0,0,60,0,0,110,0,170,249,0,0,attack,x1_speedup
482,2023-04-12 19:10:20+00:00,pi2testbed,0,0,60,0,0,110,0,170,249,0,0,attack,x1_speedup
483,2023-04-12 19:10:30+00:00,pi2testbed,0,0,60,0,0,110,0,170,249,0,0,attack,x1_speedup
484,2023-04-12 19:10:40+00:00,pi2testbed,0,0,59,0,0,110,0,169,248,0,0,attack,x1_speedup
485,2023-04-12 19:10:50+00:00,pi2testbed,0,0,59,0,0,110,0,169,248,0,0,attack,x1_speedup
486,2023-04-12 19:11:00+00:00,pi2testbed,0,0,60,0,0,110,0,170,249,0,0,attack,x1_speedup
487,2023-04-12 19:11:10+00:00,pi2testbed,0,0,60,0,0,110,0,170,249,0,0,attack,x1_speedup
488,2023-04-12 19:11:20+00:00,pi2testbed,0,0,60,0,0,110,0,170,249,0,0,attack,x1_speedup
489,2023-04-12 19:11:30+00:00,pi2testbed,0,0,60,0,0,110,0,170,249,0,0,attack,x1_speedup
490,2023-04-12 19:11:40+00:00,pi2testbed,0,0,60,0,0,110,0,170,249,0,0,attack,x1_speedup
491,2023-04-12 19:11:50+00:00,pi2testbed,0,0,60,0,0,110,0,170,249,0,0,attack,x1_speedup
492,2023-04-12 19:12:00+00:00,pi2testbed,0,0,60,0,0,110,0,170,249,0,0,attack,x1_speedup
493,2023-04-12 19:12:10+00:00,pi2testbed,0,0,60,0,0,110,0,170,249,0,0,attack,x1_speedup
494,2023-04-12 19:12:20+00:00,pi2testbed,0,0,60,0,0,110,0,170,249,0,0,attack,x1_speedup
495,2023-04-12 19:12:30+00:00,pi2testbed,1,0,59,0,0,110,0,170,249,0,0,attack,x1_speedup
496,2023-04-12 19:12:40+00:00,pi2testbed,0,0,60,0,0,110,0,170,249,0,0,attack,x1_speedup
497,2023-04-12 19:12:50+00:00,pi2testbed,0,0,60,0,0,110,0,170,249,0,0,attack,x1_speedup
498,2023-04-12 19:13:00+00:00,pi2testbed,0,0,60,0,0,110,0,170,249,0,0,attack,x1_speedup
499,2023-04-12 19:13:10+00:00,pi2testbed,0,0,60,0,0,110,0,170,249,0,0,attack,x1_speedup
500,2023-04-12 19:13:20+00:00,pi2testbed,0,0,60,0,0,110,0,170,249,0,0,attack,x1_speedup
501,2023-04-12 19:13:30+00:00,pi2testbed,0,0,59,0,0,110,0,169,248,0,0,attack,x1_speedup
502,2023-04-12 19:13:40+00:00,pi2testbed,0,0,59,0,0,110,0,169,248,0,0,attack,x1_speedup
503,2023-04-12 19:13:50+00:00,pi2testbed,0,0,59,0,0,110,0,169,248,0,0,attack,x1_speedup
504,2023-04-12 19:14:00+00:00,pi2testbed,0,0,59,0,0,110,0,169,248,0,0,attack,x1_speedup
505,2023-04-12 19:14:10+00:00,pi2testbed,0,0,59,0,0,110,0,169,248,0,0,attack,x1_speedup
506,2023-04-12 19:14:20+00:00,pi2testbed,0,0,59,0,0,110,0,169,248,0,0,attack,x1_speedup
507,2023-04-12 19:14:30+00:00,pi2testbed,0,0,59,0,0,110,0,169,248,0,0,attack,x1_speedup
508,2023-04-12 19:14:40+00:00,pi2testbed,0,0,59,0,0,110,0,169,248,0,0,attack,x1_speedup
509,2023-04-12 19:14:50+00:00,pi2testbed,0,0,58,0,0,110,0,168,247,0,0,attack,x1_speedup
510,2023-04-12 19:15:00+00:00,pi2testbed,0,0,58,0,0,110,0,168,247,0,0,attack,x1_speedup
511,2023-04-12 19:15:10+00:00,pi2testbed,0,0,58,0,0,110,0,168,247,0,0,attack,x1_speedup
512,2023-04-12 19:15:20+00:00,pi2testbed,0,0,59,0,0,110,0,169,248,0,0,attack,x1_speedup
513,2023-04-12 19:15:30+00:00,pi2testbed,0,0,59,0,0,110,0,169,248,0,0,attack,x1_speedup
514,2023-04-12 19:15:40+00:00,pi2testbed,0,0,59,0,0,110,0,169,248,0,0,attack,x1_speedup
515,2023-04-12 19:15:50+00:00,pi2testbed,0,0,59,0,0,110,0,169,248,0,0,attack,x1_speedup
516,2023-04-12 19:16:00+00:00,pi2testbed,0,0,59,0,0,110,0,169,248,0,0,attack,x1_speedup
517,2023-04-12 19:16:10+00:00,pi2testbed,0,0,59,0,0,110,0,169,248,0,0,attack,x1_speedup
518,2023-04-12 19:16:20+00:00,pi2testbed,0,0,59,0,0,110,0,169,248,0,0,attack,x1_speedup
519,2023-04-12 19:16:30+00:00,pi2testbed,0,0,59,0,0,110,0,169,248,0,0,attack,x1_speedup
520,2023-04-12 19:16:40+00:00,pi2testbed,0,0,59,0,0,110,0,169,248,0,0,attack,x1_speedup
521,2023-04-12 19:16:50+00:00,pi2testbed,0,0,59,0,0,110,0,169,248,0,0,attack,x1_speedup
522,2023-04-12 19:17:00+00:00,pi2testbed,0,0,59,0,0,110,0,169,248,0,0,attack,x1_speedup
523,2023-04-12 19:17:10+00:00,pi2testbed,0,0,60,0,0,110,0,170,249,0,0,attack,x1_speedup
524,2023-04-12 19:17:20+00:00,pi2testbed,0,0,60,0,0,110,0,170,249,0,0,attack,x1_speedup
525,2023-04-12 19:17:30+00:00,pi2testbed,0,0,60,0,0,110,0,170,249,0,0,attack,x1_speedup
526,2023-04-12 19:17:40+00:00,pi2testbed,0,0,60,0,0,110,0,170,249,0,0,attack,x1_speedup
527,2023-04-12 19:17:50+00:00,pi2testbed,0,0,60,0,0,110,0,170,249,0,0,attack,x1_speedup
528,2023-04-12 19:18:00+00:00,pi2testbed,0,0,60,0,0,110,0,170,249,0,0,attack,x1_speedup
529,2023-04-12 19:18:10+00:00,pi2testbed,0,0,60,0,0,110,0,170,249,0,0,attack,x1_speedup
530,2023-04-12 19:18:20+00:00,pi2testbed,0,0,60,0,0,110,0,170,249,0,0,attack,x1_speedup
531,2023-04-12 19:18:30+00:00,pi2testbed,0,0,60,0,0,110,0,170,249,0,0,attack,x1_speedup
532,2023-04-12 19:18:40+00:00,pi2testbed,0,0,60,0,0,110,0,170,249,0,0,attack,x1_speedup
533,2023-04-12 19:18:50+00:00,pi2testbed,0,0,60,0,0,110,0,170,250,0,0,attack,x1_speedup
534,2023-04-12 19:19:00+00:00,pi2testbed,0,0,60,0,0,110,0,170,250,0,0,attack,x1_speedup
535,2023-04-12 19:19:10+00:00,pi2testbed,0,0,60,0,0,110,0,170,249,0,0,attack,x1_speedup
536,2023-04-12 19:19:20+00:00,pi2testbed,0,0,60,0,0,110,0,170,249,0,0,attack,x1_speedup
537,2023-04-12 19:19:30+00:00,pi2testbed,0,0,60,0,0,110,0,170,249,0,0,attack,x1_speedup
538,2023-04-12 19:19:40+00:00,pi2testbed,0,0,60,0,0,110,0,170,249,0,0,attack,x1_speedup
539,2023-04-12 19:19:50+00:00,pi2testbed,0,0,60,0,0,110,0,170,249,0,0,attack,x1_speedup
540,2023-04-12 19:25:00+00:00,pi2testbed,0,0,59,0,0,110,0,169,248,0,0,attack,x2_speedup
541,2023-04-12 19:25:10+00:00,pi2testbed,0,0,59,0,0,110,0,169,248,0,0,attack,x2_speedup
542,2023-04-12 19:25:20+00:00,pi2testbed,0,0,59,0,0,110,0,169,248,0,0,attack,x2_speedup
543,2023-04-12 19:25:30+00:00,pi2testbed,0,0,59,0,0,110,0,169,248,0,0,attack,x2_speedup
544,2023-04-12 19:25:40+00:00,pi2testbed,0,0,58,0,0,110,0,168,247,0,0,attack,x2_speedup
545,2023-04-12 19:25:50+00:00,pi2testbed,0,0,59,0,0,110,0,169,248,0,0,attack,x2_speedup
546,2023-04-12 19:26:00+00:00,pi2testbed,0,0,59,0,0,110,0,169,248,0,0,attack,x2_speedup
547,2023-04-12 19:26:10+00:00,pi2testbed,0,0,59,0,0,110,0,169,248,0,0,attack,x2_speedup
548,2023-04-12 19:26:20+00:00,pi2testbed,0,0,59,0,22,114,0,195,274,0,0,attack,x2_speedup
549,2023-04-12 19:26:30+00:00,pi2testbed,2,0,58,0,20,114,0,194,273,0,0,attack,x2_speedup
550,2023-04-12 19:26:40+00:00,pi2testbed,0,0,58,0,0,115,0,173,252,0,0,attack,x2_speedup
551,2023-04-12 19:26:50+00:00,pi2testbed,0,0,60,0,0,115,0,175,254,0,0,attack,x2_speedup
552,2023-04-12 19:27:00+00:00,pi2testbed,0,0,60,0,0,115,0,175,254,0,0,attack,x2_speedup
553,2023-04-12 19:27:10+00:00,pi2testbed,0,0,60,0,0,115,0,175,254,0,0,attack,x2_speedup
554,2023-04-12 19:27:20+00:00,pi2testbed,0,0,60,0,0,115,0,175,254,0,0,attack,x2_speedup
555,2023-04-12 19:27:30+00:00,pi2testbed,0,0,59,0,1,110,0,170,249,0,0,attack,x2_speedup
556,2023-04-12 19:27:40+00:00,pi2testbed,0,0,60,0,0,110,0,170,249,0,0,attack,x2_speedup
557,2023-04-12 19:27:50+00:00,pi2testbed,0,0,60,0,0,110,0,170,249,0,0,attack,x2_speedup
558,2023-04-12 19:28:00+00:00,pi2testbed,0,0,61,0,0,110,0,171,250,0,0,attack,x2_speedup
559,2023-04-12 19:28:10+00:00,pi2testbed,0,0,61,0,0,110,0,171,250,0,0,attack,x2_speedup
560,2023-04-12 19:28:20+00:00,pi2testbed,0,0,61,0,0,110,0,171,250,0,0,attack,x2_speedup
561,2023-04-12 19:28:30+00:00,pi2testbed,0,0,61,0,0,110,0,171,250,0,0,attack,x2_speedup
562,2023-04-12 19:28:40+00:00,pi2testbed,0,0,61,0,0,110,0,171,250,0,0,attack,x2_speedup
563,2023-04-12 19:28:50+00:00,pi2testbed,0,0,61,0,0,110,0,171,251,0,0,attack,x2_speedup
564,2023-04-12 19:29:00+00:00,pi2testbed,0,0,61,0,0,110,0,171,251,0,0,attack,x2_speedup
565,2023-04-12 19:29:10+00:00,pi2testbed,0,0,61,0,0,110,0,171,250,0,0,attack,x2_speedup
566,2023-04-12 19:29:20+00:00,pi2testbed,0,0,61,0,0,110,0,171,250,0,0,attack,x2_speedup
567,2023-04-12 19:29:30+00:00,pi2testbed,0,0,61,0,0,110,0,171,250,0,0,attack,x2_speedup
568,2023-04-12 19:29:40+00:00,pi2testbed,0,0,61,0,0,110,0,171,250,0,0,attack,x2_speedup
569,2023-04-12 19:29:50+00:00,pi2testbed,0,0,61,0,0,110,0,171,250,0,0,attack,x2_speedup
570,2023-04-12 19:30:00+00:00,pi2testbed,0,0,61,0,0,110,0,171,250,0,0,attack,x2_speedup
571,2023-04-12 19:30:10+00:00,pi2testbed,0,0,61,0,0,110,0,171,250,0,0,attack,x2_speedup
572,2023-04-12 19:30:20+00:00,pi2testbed,0,0,61,0,0,110,0,171,250,0,0,attack,x2_speedup
573,2023-04-12 19:30:30+00:00,pi2testbed,0,0,61,0,0,110,0,171,250,0,0,attack,x2_speedup
574,2023-04-12 19:30:40+00:00,pi2testbed,0,0,61,0,0,110,0,171,250,0,0,attack,x2_speedup
575,2023-04-12 19:30:50+00:00,pi2testbed,0,0,60,0,0,110,0,170,249,0,0,attack,x2_speedup
576,2023-04-12 19:31:00+00:00,pi2testbed,0,0,60,0,0,110,0,170,249,0,0,attack,x2_speedup
577,2023-04-12 19:31:10+00:00,pi2testbed,0,0,60,0,0,110,0,170,249,0,0,attack,x2_speedup
578,2023-04-12 19:31:20+00:00,pi2testbed,0,0,61,0,0,110,0,171,250,0,0,attack,x2_speedup
579,2023-04-12 19:31:30+00:00,pi2testbed,0,0,60,0,0,110,0,170,249,0,0,attack,x2_speedup
580,2023-04-12 19:31:40+00:00,pi2testbed,0,0,60,0,0,110,0,170,249,0,0,attack,x2_speedup
581,2023-04-12 19:31:50+00:00,pi2testbed,0,0,60,0,0,110,0,170,249,0,0,attack,x2_speedup
582,2023-04-12 19:32:00+00:00,pi2testbed,0,0,59,0,0,110,0,169,248,0,0,attack,x2_speedup
583,2023-04-12 19:32:10+00:00,pi2testbed,0,0,60,0,0,110,0,170,249,0,0,attack,x2_speedup
584,2023-04-12 19:32:20+00:00,pi2testbed,0,0,60,0,0,110,0,170,249,0,0,attack,x2_speedup
585,2023-04-12 19:32:30+00:00,pi2testbed,0,0,60,0,0,110,0,170,249,0,0,attack,x2_speedup
586,2023-04-12 19:32:40+00:00,pi2testbed,0,0,60,0,0,110,0,170,249,0,0,attack,x2_speedup
587,2023-04-12 19:32:50+00:00,pi2testbed,0,0,60,0,0,110,0,170,249,0,0,attack,x2_speedup
588,2023-04-12 19:33:00+00:00,pi2testbed,0,0,60,0,0,110,0,170,249,0,0,attack,x2_speedup
589,2023-04-12 19:33:10+00:00,pi2testbed,0,0,59,0,0,110,0,169,248,0,0,attack,x2_speedup
590,2023-04-12 19:33:20+00:00,pi2testbed,0,0,59,0,0,110,0,169,248,0,0,attack,x2_speedup
591,2023-04-12 19:33:30+00:00,pi2testbed,0,0,59,0,0,110,0,169,248,0,0,attack,x2_speedup
592,2023-04-12 19:33:40+00:00,pi2testbed,0,0,59,0,0,110,0,169,248,0,0,attack,x2_speedup
593,2023-04-12 19:33:50+00:00,pi2testbed,0,0,59,0,0,110,0,169,248,0,0,attack,x2_speedup
594,2023-04-12 19:34:00+00:00,pi2testbed,0,0,59,0,0,110,0,169,248,0,0,attack,x2_speedup
595,2023-04-12 19:34:10+00:00,pi2testbed,0,0,58,0,0,110,0,168,247,0,0,attack,x2_speedup
596,2023-04-12 19:34:20+00:00,pi2testbed,0,0,58,0,0,110,0,168,247,0,0,attack,x2_speedup
597,2023-04-12 19:34:30+00:00,pi2testbed,0,0,58,0,0,110,0,168,247,0,0,attack,x2_speedup
598,2023-04-12 19:34:40+00:00,pi2testbed,0,0,59,0,0,110,0,169,248,0,0,attack,x2_speedup
599,2023-04-12 19:34:50+00:00,pi2testbed,0,0,59,0,0,110,0,169,248,0,0,attack,x2_speedup
600,2023-04-12 19:35:00+00:00,pi2testbed,0,0,59,0,0,110,0,169,248,0,0,attack,x2_speedup
601,2023-04-12 19:35:10+00:00,pi2testbed,0,0,59,0,0,110,0,169,248,0,0,attack,x2_speedup
602,2023-04-12 19:35:20+00:00,pi2testbed,0,0,59,0,0,110,0,169,248,0,0,attack,x2_speedup
603,2023-04-12 19:35:30+00:00,pi2testbed,0,0,59,0,0,110,0,169,248,0,0,attack,x2_speedup
604,2023-04-12 19:35:40+00:00,pi2testbed,0,0,59,0,0,110,0,169,248,0,0,attack,x2_speedup
605,2023-04-12 19:35:50+00:00,pi2testbed,0,0,59,0,0,110,0,169,248,0,0,attack,x2_speedup
606,2023-04-12 19:36:00+00:00,pi2testbed,0,0,59,0,0,110,0,169,248,0,0,attack,x2_speedup
607,2023-04-12 19:36:10+00:00,pi2testbed,0,0,59,0,0,110,0,169,248,0,0,attack,x2_speedup
608,2023-04-12 19:36:20+00:00,pi2testbed,0,0,59,0,0,110,0,169,248,0,0,attack,x2_speedup
609,2023-04-12 19:36:30+00:00,pi2testbed,0,0,59,0,0,110,0,169,248,0,0,attack,x2_speedup
610,2023-04-12 19:36:40+00:00,pi2testbed,0,0,59,0,0,110,0,169,248,0,0,attack,x2_speedup
611,2023-04-12 19:36:50+00:00,pi2testbed,0,0,59,0,0,110,0,169,248,0,0,attack,x2_speedup
612,2023-04-12 19:37:00+00:00,pi2testbed,0,0,59,0,0,110,0,169,248,0,0,attack,x2_speedup
613,2023-04-12 19:37:10+00:00,pi2testbed,0,0,58,0,0,110,0,168,247,0,0,attack,x2_speedup
614,2023-04-12 19:37:20+00:00,pi2testbed,0,0,58,0,0,110,0,168,247,0,0,attack,x2_speedup
615,2023-04-12 19:37:30+00:00,pi2testbed,0,0,59,0,0,110,0,169,248,0,0,attack,x2_speedup
616,2023-04-12 19:37:40+00:00,pi2testbed,0,0,59,0,0,110,0,169,248,0,0,attack,x2_speedup
617,2023-04-12 19:37:50+00:00,pi2testbed,0,0,59,0,0,110,0,169,248,0,0,attack,x2_speedup
618,2023-04-12 19:38:00+00:00,pi2testbed,0,0,59,0,0,110,0,169,248,0,0,attack,x2_speedup
619,2023-04-12 19:38:10+00:00,pi2testbed,0,0,59,0,0,110,0,169,248,0,0,attack,x2_speedup
620,2023-04-12 19:38:20+00:00,pi2testbed,0,0,59,0,0,110,0,169,248,0,0,attack,x2_speedup
621,2023-04-12 19:38:30+00:00,pi2testbed,0,0,59,0,0,110,0,169,248,0,0,attack,x2_speedup
622,2023-04-12 19:38:40+00:00,pi2testbed,0,0,59,0,0,110,0,169,248,0,0,attack,x2_speedup
623,2023-04-12 19:38:50+00:00,pi2testbed,0,0,59,0,0,110,0,169,249,0,0,attack,x2_speedup
624,2023-04-12 19:39:00+00:00,pi2testbed,1,0,60,0,0,110,0,171,251,0,0,attack,x2_speedup
625,2023-04-12 19:39:10+00:00,pi2testbed,0,0,61,0,0,110,0,171,250,0,0,attack,x2_speedup
626,2023-04-12 19:39:20+00:00,pi2testbed,0,0,61,0,0,110,0,171,250,0,0,attack,x2_speedup
627,2023-04-12 19:39:30+00:00,pi2testbed,0,0,61,0,0,110,0,171,250,0,0,attack,x2_speedup
628,2023-04-12 19:39:40+00:00,pi2testbed,0,0,61,0,0,110,0,171,250,0,0,attack,x2_speedup
629,2023-04-12 19:39:50+00:00,pi2testbed,0,0,61,0,0,110,0,171,250,0,0,attack,x2_speedup
630,2023-04-12 19:40:00+00:00,pi2testbed,0,0,61,0,0,110,0,171,250,0,0,attack,x2_speedup
631,2023-04-12 19:40:10+00:00,pi2testbed,0,0,61,0,0,110,0,171,250,0,0,attack,x2_speedup
632,2023-04-12 19:40:20+00:00,pi2testbed,0,0,61,0,0,110,0,171,250,0,0,attack,x2_speedup
633,2023-04-12 19:40:30+00:00,pi2testbed,0,0,61,0,0,110,0,171,250,0,0,attack,x2_speedup
634,2023-04-12 19:40:40+00:00,pi2testbed,0,0,61,0,0,110,0,171,250,0,0,attack,x2_speedup
635,2023-04-12 19:40:50+00:00,pi2testbed,0,0,61,0,0,110,0,171,250,0,0,attack,x2_speedup
636,2023-04-12 19:41:00+00:00,pi2testbed,0,0,61,0,1,109,0,171,250,0,0,attack,x2_speedup
637,2023-04-12 19:41:10+00:00,pi2testbed,0,0,61,0,0,110,0,171,250,0,0,attack,x2_speedup
638,2023-04-12 19:41:20+00:00,pi2testbed,0,0,61,0,0,110,0,171,250,0,0,attack,x2_speedup
639,2023-04-12 19:41:30+00:00,pi2testbed,0,0,60,0,0,110,0,170,249,0,0,attack,x2_speedup
640,2023-04-12 19:41:40+00:00,pi2testbed,0,0,60,0,0,110,0,170,249,0,0,attack,x2_speedup
641,2023-04-12 19:41:50+00:00,pi2testbed,0,0,60,0,0,110,0,170,249,0,0,attack,x2_speedup
642,2023-04-12 19:42:00+00:00,pi2testbed,0,0,60,0,0,110,0,170,249,0,0,attack,x2_speedup
643,2023-04-12 19:42:10+00:00,pi2testbed,1,0,60,0,0,110,0,171,250,0,0,attack,x2_speedup
644,2023-04-12 19:42:20+00:00,pi2testbed,0,0,60,0,0,110,0,170,249,0,0,attack,x2_speedup
645,2023-04-12 19:42:30+00:00,pi2testbed,0,0,61,0,0,110,0,171,250,0,0,attack,x2_speedup
646,2023-04-12 19:42:40+00:00,pi2testbed,0,0,61,0,0,110,0,171,250,0,0,attack,x2_speedup
647,2023-04-12 19:42:50+00:00,pi2testbed,0,0,61,0,0,110,0,171,250,0,0,attack,x2_speedup
648,2023-04-12 19:43:00+00:00,pi2testbed,0,0,61,0,0,110,0,171,250,0,0,attack,x2_speedup
649,2023-04-12 19:43:10+00:00,pi2testbed,0,0,61,0,0,110,0,171,250,0,0,attack,x2_speedup
650,2023-04-12 19:43:20+00:00,pi2testbed,0,0,61,0,0,110,0,171,250,0,0,attack,x2_speedup
651,2023-04-12 19:43:30+00:00,pi2testbed,0,0,61,0,0,110,0,171,250,0,0,attack,x2_speedup
652,2023-04-12 19:43:40+00:00,pi2testbed,0,0,61,0,0,110,0,171,250,0,0,attack,x2_speedup
653,2023-04-12 19:43:50+00:00,pi2testbed,0,0,61,0,0,110,0,171,250,0,0,attack,x2_speedup
654,2023-04-12 19:44:00+00:00,pi2testbed,0,0,59,0,0,110,0,169,248,0,0,attack,x2_speedup
655,2023-04-12 19:44:10+00:00,pi2testbed,0,0,59,0,0,110,0,169,248,0,0,attack,x2_speedup
656,2023-04-12 19:44:20+00:00,pi2testbed,0,0,59,0,0,110,0,169,248,0,0,attack,x2_speedup
657,2023-04-12 19:44:30+00:00,pi2testbed,0,0,59,0,0,110,0,169,248,0,0,attack,x2_speedup
658,2023-04-12 19:44:40+00:00,pi2testbed,0,0,59,0,0,110,0,169,248,0,0,attack,x2_speedup
659,2023-04-12 19:44:50+00:00,pi2testbed,0,0,58,0,0,110,0,168,247,0,0,attack,x2_speedup
660,2023-04-12 19:45:00+00:00,pi2testbed,0,0,58,0,1,110,0,169,248,0,0,attack,x2_speedup
661,2023-04-12 19:45:10+00:00,pi2testbed,0,0,59,0,0,110,0,169,248,0,0,attack,x2_speedup
662,2023-04-12 19:45:20+00:00,pi2testbed,0,0,59,0,0,110,0,169,248,0,0,attack,x2_speedup
663,2023-04-12 19:45:30+00:00,pi2testbed,0,0,59,0,0,110,0,169,248,0,0,attack,x2_speedup
664,2023-04-12 19:45:40+00:00,pi2testbed,0,0,59,0,0,110,0,169,248,0,0,attack,x2_speedup
665,2023-04-12 19:45:50+00:00,pi2testbed,0,0,59,0,0,110,0,169,248,0,0,attack,x2_speedup
666,2023-04-12 19:46:00+00:00,pi2testbed,0,0,59,0,0,110,0,169,248,0,0,attack,x2_speedup
667,2023-04-12 19:46:10+00:00,pi2testbed,0,0,59,0,0,110,0,169,248,0,0,attack,x2_speedup
668,2023-04-12 19:46:20+00:00,pi2testbed,0,0,59,0,0,110,0,169,248,0,0,attack,x2_speedup
669,2023-04-12 19:46:30+00:00,pi2testbed,1,0,58,0,0,110,0,169,248,0,0,attack,x2_speedup
670,2023-04-12 19:46:40+00:00,pi2testbed,0,0,59,0,0,110,0,169,248,0,0,attack,x2_speedup
671,2023-04-12 19:46:50+00:00,pi2testbed,0,0,59,0,0,110,0,169,248,0,0,attack,x2_speedup
672,2023-04-12 19:47:00+00:00,pi2testbed,0,0,59,0,0,110,0,169,248,0,0,attack,x2_speedup
673,2023-04-12 19:47:10+00:00,pi2testbed,0,0,59,0,0,110,0,169,248,0,0,attack,x2_speedup
674,2023-04-12 19:47:20+00:00,pi2testbed,0,0,59,0,0,110,0,169,248,0,0,attack,x2_speedup
675,2023-04-12 19:47:30+00:00,pi2testbed,0,0,58,0,0,110,0,168,247,0,0,attack,x2_speedup
676,2023-04-12 19:47:40+00:00,pi2testbed,0,0,57,0,1,110,0,168,247,0,0,attack,x2_speedup
677,2023-04-12 19:47:50+00:00,pi2testbed,0,0,58,0,0,110,0,168,247,0,0,attack,x2_speedup
678,2023-04-12 19:48:00+00:00,pi2testbed,0,0,59,0,0,110,0,169,248,0,0,attack,x2_speedup
679,2023-04-12 19:48:10+00:00,pi2testbed,0,0,59,0,0,110,0,169,248,0,0,attack,x2_speedup
680,2023-04-12 19:48:20+00:00,pi2testbed,0,0,59,0,0,110,0,169,248,0,0,attack,x2_speedup
681,2023-04-12 19:48:30+00:00,pi2testbed,0,0,59,0,0,110,0,169,248,0,0,attack,x2_speedup
682,2023-04-12 19:48:40+00:00,pi2testbed,0,0,59,0,0,110,0,169,248,0,0,attack,x2_speedup
683,2023-04-12 19:48:50+00:00,pi2testbed,0,0,59,0,0,110,0,169,249,0,0,attack,x2_speedup
684,2023-04-12 19:49:00+00:00,pi2testbed,0,0,59,0,0,110,0,169,249,0,0,attack,x2_speedup
685,2023-04-12 19:49:10+00:00,pi2testbed,0,0,59,0,0,110,0,169,248,0,0,attack,x2_speedup
686,2023-04-12 19:49:20+00:00,pi2testbed,0,0,59,0,0,110,0,169,248,0,0,attack,x2_speedup
687,2023-04-12 19:49:30+00:00,pi2testbed,0,0,59,0,0,110,0,169,248,0,0,attack,x2_speedup
688,2023-04-12 19:49:40+00:00,pi2testbed,0,0,59,0,0,110,0,169,248,0,0,attack,x2_speedup
689,2023-04-12 19:49:50+00:00,pi2testbed,0,0,59,0,0,110,0,169,248,0,0,attack,x2_speedup
690,2023-04-12 19:50:00+00:00,pi2testbed,0,0,59,0,0,110,0,169,248,0,0,attack,x2_speedup
691,2023-04-12 19:50:10+00:00,pi2testbed,0,0,59,0,0,110,0,169,248,0,0,attack,x2_speedup
692,2023-04-12 19:50:20+00:00,pi2testbed,0,0,59,0,0,110,0,169,248,0,0,attack,x2_speedup
693,2023-04-12 19:50:30+00:00,pi2testbed,0,0,59,0,0,110,0,169,248,0,0,attack,x2_speedup
694,2023-04-12 19:50:40+00:00,pi2testbed,0,0,59,0,0,110,0,169,248,0,0,attack,x2_speedup
695,2023-04-12 19:50:50+00:00,pi2testbed,0,0,59,0,0,110,0,169,248,0,0,attack,x2_speedup
696,2023-04-12 19:51:00+00:00,pi2testbed,0,0,59,0,0,110,0,169,248,0,0,attack,x2_speedup
697,2023-04-12 19:51:10+00:00,pi2testbed,0,0,59,0,0,110,0,169,248,0,0,attack,x2_speedup
698,2023-04-12 19:51:20+00:00,pi2testbed,0,0,59,0,0,110,0,169,248,0,0,attack,x2_speedup
699,2023-04-12 19:51:30+00:00,pi2testbed,0,0,59,0,0,110,0,169,248,0,0,attack,x2_speedup
700,2023-04-12 19:51:40+00:00,pi2testbed,0,0,59,0,0,110,0,169,248,0,0,attack,x2_speedup
701,2023-04-12 19:51:50+00:00,pi2testbed,0,0,59,0,0,110,0,169,248,0,0,attack,x2_speedup
702,2023-04-12 19:52:00+00:00,pi2testbed,0,0,59,0,0,110,0,169,248,0,0,attack,x2_speedup
703,2023-04-12 19:52:10+00:00,pi2testbed,0,0,59,0,0,110,0,169,248,0,0,attack,x2_speedup
704,2023-04-12 19:52:20+00:00,pi2testbed,0,0,59,0,0,110,0,169,248,0,0,attack,x2_speedup
705,2023-04-12 19:52:30+00:00,pi2testbed,0,0,58,0,0,110,0,168,247,0,0,attack,x2_speedup
706,2023-04-12 19:52:40+00:00,pi2testbed,0,0,59,0,0,110,0,169,248,0,0,attack,x2_speedup
707,2023-04-12 19:52:50+00:00,pi2testbed,0,0,59,0,0,110,0,169,248,0,0,attack,x2_speedup
708,2023-04-12 19:53:00+00:00,pi2testbed,0,0,59,0,0,110,0,169,248,0,0,attack,x2_speedup
709,2023-04-12 19:53:10+00:00,pi2testbed,1,0,58,0,0,110,0,169,248,0,0,attack,x2_speedup
710,2023-04-12 19:53:20+00:00,pi2testbed,0,0,59,0,0,110,0,169,248,0,0,attack,x2_speedup
711,2023-04-12 19:53:30+00:00,pi2testbed,0,0,59,0,0,110,0,169,248,0,0,attack,x2_speedup
712,2023-04-12 19:53:40+00:00,pi2testbed,0,0,59,0,0,110,0,169,248,0,0,attack,x2_speedup
713,2023-04-12 19:53:50+00:00,pi2testbed,0,0,59,0,0,110,0,169,248,0,0,attack,x2_speedup
714,2023-04-12 19:54:00+00:00,pi2testbed,0,0,59,0,0,110,0,169,248,0,0,attack,x2_speedup
715,2023-04-12 19:54:10+00:00,pi2testbed,0,0,59,0,0,110,0,169,248,0,0,attack,x2_speedup
716,2023-04-12 19:54:20+00:00,pi2testbed,0,0,59,0,0,110,0,169,248,0,0,attack,x2_speedup
717,2023-04-12 19:54:30+00:00,pi2testbed,0,0,59,0,0,110,0,169,248,0,0,attack,x2_speedup
718,2023-04-12 19:54:40+00:00,pi2testbed,0,0,59,0,0,110,0,169,248,0,0,attack,x2_speedup
719,2023-04-12 19:54:50+00:00,pi2testbed,0,0,59,0,0,110,0,169,248,0,0,attack,x2_speedup
720,2023-04-12 20:00:00+00:00,pi2testbed,2,0,61,0,20,114,0,197,276,0,0,attack,motors_spike
721,2023-04-12 20:00:10+00:00,pi2testbed,3,0,61,0,19,114,0,197,276,0,0,attack,motors_spike
722,2023-04-12 20:00:20+00:00,pi2testbed,0,0,61,0,0,115,0,176,255,0,0,attack,motors_spike
723,2023-04-12 20:00:30+00:00,pi2testbed,0,0,61,0,0,115,0,176,255,0,0,attack,motors_spike
724,2023-04-12 20:00:40+00:00,pi2testbed,0,0,61,0,0,115,0,176,255,0,0,attack,motors_spike
725,2023-04-12 20:00:50+00:00,pi2testbed,0,0,61,0,0,115,0,176,255,0,0,attack,motors_spike
726,2023-04-12 20:01:00+00:00,pi2testbed,0,0,61,0,0,115,0,176,255,0,0,attack,motors_spike
727,2023-04-12 20:01:10+00:00,pi2testbed,0,0,61,0,0,110,0,171,250,0,0,attack,motors_spike
728,2023-04-12 20:01:20+00:00,pi2testbed,0,0,61,0,0,110,0,171,250,0,0,attack,motors_spike
729,2023-04-12 20:01:30+00:00,pi2testbed,0,0,61,0,0,110,0,171,250,0,0,attack,motors_spike
730,2023-04-12 20:01:40+00:00,pi2testbed,0,0,63,0,22,114,0,199,278,0,0,attack,motors_spike
731,2023-04-12 20:01:50+00:00,pi2testbed,0,0,63,0,22,114,0,199,278,0,0,attack,motors_spike
732,2023-04-12 20:02:00+00:00,pi2testbed,0,0,63,0,0,115,0,178,257,0,0,attack,motors_spike
733,2023-04-12 20:02:10+00:00,pi2testbed,0,0,63,0,0,115,0,178,257,0,0,attack,motors_spike
734,2023-04-12 20:02:20+00:00,pi2testbed,0,0,63,0,0,115,0,178,257,0,0,attack,motors_spike
735,2023-04-12 20:02:30+00:00,pi2testbed,0,0,63,0,0,115,0,178,257,0,0,attack,motors_spike
736,2023-04-12 20:02:40+00:00,pi2testbed,0,0,63,0,0,115,0,178,257,0,0,attack,motors_spike
737,2023-04-12 20:02:50+00:00,pi2testbed,0,0,63,0,0,110,0,173,252,0,0,attack,motors_spike
738,2023-04-12 20:03:00+00:00,pi2testbed,0,0,62,0,1,110,0,173,252,0,0,attack,motors_spike
739,2023-04-12 20:03:10+00:00,pi2testbed,0,0,63,0,0,110,0,173,252,0,0,attack,motors_spike
740,2023-04-12 20:03:20+00:00,pi2testbed,0,0,62,0,0,110,0,172,251,0,0,attack,motors_spike
741,2023-04-12 20:03:30+00:00,pi2testbed,0,0,62,0,0,110,0,172,251,0,0,attack,motors_spike
742,2023-04-12 20:03:40+00:00,pi2testbed,0,0,63,0,0,110,0,173,252,0,0,attack,motors_spike
743,2023-04-12 20:03:50+00:00,pi2testbed,0,0,63,0,0,110,0,173,252,0,0,attack,motors_spike
744,2023-04-12 20:04:00+00:00,pi2testbed,0,0,63,0,0,110,0,173,252,0,0,attack,motors_spike
745,2023-04-12 20:04:10+00:00,pi2testbed,0,0,63,0,0,110,0,173,252,0,0,attack,motors_spike
746,2023-04-12 20:04:20+00:00,pi2testbed,0,0,63,0,0,110,0,173,252,0,0,attack,motors_spike
747,2023-04-12 20:04:30+00:00,pi2testbed,0,0,63,0,0,110,0,173,252,0,0,attack,motors_spike
748,2023-04-12 20:04:40+00:00,pi2testbed,0,0,63,0,2,112,0,177,256,0,0,attack,motors_spike
749,2023-04-12 20:04:50+00:00,pi2testbed,0,0,64,0,22,114,0,200,279,0,0,attack,motors_spike
750,2023-04-12 20:05:00+00:00,pi2testbed,0,0,62,0,22,114,0,198,277,0,0,attack,motors_spike
751,2023-04-12 20:05:10+00:00,pi2testbed,0,0,62,0,0,115,0,177,256,0,0,attack,motors_spike
752,2023-04-12 20:05:20+00:00,pi2testbed,0,0,62,0,0,115,0,177,256,0,0,attack,motors_spike
753,2023-04-12 20:05:30+00:00,pi2testbed,0,0,62,0,0,115,0,177,256,0,0,attack,motors_spike
754,2023-04-12 20:05:40+00:00,pi2testbed,0,0,62,0,0,115,0,177,256,0,0,attack,motors_spike
755,2023-04-12 20:05:50+00:00,pi2testbed,0,0,62,0,0,115,0,177,256,0,0,attack,motors_spike
756,2023-04-12 20:06:00+00:00,pi2testbed,0,0,62,0,0,110,0,172,251,0,0,attack,motors_spike
757,2023-04-12 20:06:10+00:00,pi2testbed,0,0,62,0,0,110,0,172,251,0,0,attack,motors_spike
758,2023-04-12 20:06:20+00:00,pi2testbed,0,0,62,0,0,110,0,172,251,0,0,attack,motors_spike
759,2023-04-12 20:06:30+00:00,pi2testbed,0,0,63,0,0,110,0,173,252,0,0,attack,motors_spike
760,2023-04-12 20:06:40+00:00,pi2testbed,1,0,62,0,21,114,0,198,277,0,0,attack,motors_spike
761,2023-04-12 20:06:50+00:00,pi2testbed,3,0,62,0,19,114,0,198,277,0,0,attack,motors_spike
762,2023-04-12 20:07:00+00:00,pi2testbed,0,0,62,0,0,115,0,177,256,0,0,attack,motors_spike
763,2023-04-12 20:07:10+00:00,pi2testbed,0,0,62,0,0,115,0,177,256,0,0,attack,motors_spike
764,2023-04-12 20:07:20+00:00,pi2testbed,0,0,62,0,0,115,0,177,256,0,0,attack,motors_spike
765,2023-04-12 20:07:30+00:00,pi2testbed,0,0,62,0,0,115,0,177,256,0,0,attack,motors_spike
766,2023-04-12 20:07:40+00:00,pi2testbed,0,0,62,0,0,115,0,177,256,0,0,attack,motors_spike
767,2023-04-12 20:07:50+00:00,pi2testbed,0,0,62,0,0,110,0,172,251,0,0,attack,motors_spike
768,2023-04-12 20:08:00+00:00,pi2testbed,0,0,61,0,0,110,0,171,250,0,0,attack,motors_spike
769,2023-04-12 20:08:10+00:00,pi2testbed,0,0,61,0,0,110,0,171,250,0,0,attack,motors_spike
770,2023-04-12 20:08:20+00:00,pi2testbed,0,0,62,0,0,110,0,172,251,0,0,attack,motors_spike
771,2023-04-12 20:08:30+00:00,pi2testbed,0,0,62,0,22,114,0,198,277,0,0,attack,motors_spike
772,2023-04-12 20:08:40+00:00,pi2testbed,0,0,62,0,22,114,0,198,277,0,0,attack,motors_spike
773,2023-04-12 20:08:50+00:00,pi2testbed,0,0,61,0,0,115,0,176,256,0,0,attack,motors_spike
774,2023-04-12 20:09:00+00:00,pi2testbed,0,0,62,0,0,115,0,177,257,0,0,attack,motors_spike
775,2023-04-12 20:09:10+00:00,pi2testbed,0,0,62,0,0,115,0,177,256,0,0,attack,motors_spike
776,2023-04-12 20:09:20+00:00,pi2testbed,0,0,62,0,0,115,0,177,256,0,0,attack,motors_spike
777,2023-04-12 20:09:30+00:00,pi2testbed,0,0,63,0,0,115,0,178,257,0,0,attack,motors_spike
778,2023-04-12 20:09:40+00:00,pi2testbed,0,0,63,0,0,110,0,173,252,0,0,attack,motors_spike
779,2023-04-12 20:09:50+00:00,pi2testbed,0,0,63,0,0,110,0,173,252,0,0,attack,motors_spike
780,2023-04-12 20:10:00+00:00,pi2testbed,0,0,63,0,0,110,0,173,252,0,0,attack,motors_spike
781,2023-04-12 20:10:10+00:00,pi2testbed,1,0,63,0,0,110,0,174,253,0,0,attack,motors_spike
782,2023-04-12 20:10:20+00:00,pi2testbed,0,0,64,0,0,110,0,174,253,0,0,attack,motors_spike
783,2023-04-12 20:10:30+00:00,pi2testbed,0,0,64,0,0,110,0,174,253,0,0,attack,motors_spike
784,2023-04-12 20:10:40+00:00,pi2testbed,0,0,65,0,22,114,0,201,280,0,0,attack,motors_spike
785,2023-04-12 20:10:50+00:00,pi2testbed,1,0,65,0,21,114,0,201,280,0,0,attack,motors_spike
786,2023-04-12 20:11:00+00:00,pi2testbed,0,0,65,0,0,115,0,180,259,0,0,attack,motors_spike
787,2023-04-12 20:11:10+00:00,pi2testbed,0,0,65,0,0,115,0,180,259,0,0,attack,motors_spike
788,2023-04-12 20:11:20+00:00,pi2testbed,0,0,65,0,0,115,0,180,259,0,0,attack,motors_spike
789,2023-04-12 20:11:30+00:00,pi2testbed,0,0,65,0,0,115,0,180,259,0,0,attack,motors_spike
790,2023-04-12 20:11:40+00:00,pi2testbed,0,0,64,0,0,115,0,179,258,0,0,attack,motors_spike
791,2023-04-12 20:11:50+00:00,pi2testbed,0,0,63,0,0,110,0,173,252,0,0,attack,motors_spike
792,2023-04-12 20:12:00+00:00,pi2testbed,0,0,62,0,1,110,0,173,252,0,0,attack,motors_spike
793,2023-04-12 20:12:10+00:00,pi2testbed,0,0,63,0,0,110,0,173,252,0,0,attack,motors_spike
794,2023-04-12 20:12:20+00:00,pi2testbed,0,0,63,0,0,110,0,173,252,0,0,attack,motors_spike
795,2023-04-12 20:12:30+00:00,pi2testbed,0,0,65,0,22,114,0,201,280,0,0,attack,motors_spike
796,2023-04-12 20:12:40+00:00,pi2testbed,2,0,65,0,20,114,0,201,280,0,0,attack,motors_spike
797,2023-04-12 20:12:50+00:00,pi2testbed,0,0,65,0,0,115,0,180,259,0,0,attack,motors_spike
798,2023-04-12 20:13:00+00:00,pi2testbed,0,0,65,0,0,115,0,180,259,0,0,attack,motors_spike
799,2023-04-12 20:13:10+00:00,pi2testbed,0,0,65,0,0,115,0,180,259,0,0,attack,motors_spike
800,2023-04-12 20:13:20+00:00,pi2testbed,0,0,65,0,1,114,0,180,259,0,0,attack,motors_spike
801,2023-04-12 20:13:30+00:00,pi2testbed,0,0,64,0,0,115,0,179,258,0,0,attack,motors_spike
802,2023-04-12 20:13:40+00:00,pi2testbed,0,0,64,0,0,110,0,174,253,0,0,attack,motors_spike
803,2023-04-12 20:13:50+00:00,pi2testbed,0,0,64,0,0,110,0,174,253,0,0,attack,motors_spike
804,2023-04-12 20:14:00+00:00,pi2testbed,0,0,62,0,0,110,0,172,251,0,0,attack,motors_spike
805,2023-04-12 20:14:10+00:00,pi2testbed,0,0,64,0,0,110,0,174,253,0,0,attack,motors_spike
806,2023-04-12 20:14:20+00:00,pi2testbed,0,0,64,0,0,110,0,174,253,0,0,attack,motors_spike
807,2023-04-12 20:14:30+00:00,pi2testbed,0,0,64,0,0,110,0,174,253,0,0,attack,motors_spike
808,2023-04-12 20:14:40+00:00,pi2testbed,0,0,63,0,0,110,0,173,252,0,0,attack,motors_spike
809,2023-04-12 20:14:50+00:00,pi2testbed,0,0,63,0,0,110,0,173,252,0,0,attack,motors_spike
810,2023-04-12 20:15:00+00:00,pi2testbed,0,0,64,0,0,110,0,174,253,0,0,attack,motors_spike
811,2023-04-12 20:15:10+00:00,pi2testbed,1,0,62,0,0,110,0,173,252,0,0,attack,motors_spike
812,2023-04-12 20:15:20+00:00,pi2testbed,0,0,63,0,0,110,0,173,252,0,0,attack,motors_spike
813,2023-04-12 20:15:30+00:00,pi2testbed,0,0,62,0,0,110,0,172,251,0,0,attack,motors_spike
814,2023-04-12 20:15:40+00:00,pi2testbed,3,0,63,0,19,114,0,199,278,0,0,attack,motors_spike
815,2023-04-12 20:15:50+00:00,pi2testbed,1,0,63,0,21,115,0,200,280,0,0,attack,motors_spike
816,2023-04-12 20:16:00+00:00,pi2testbed,0,0,61,0,1,115,0,177,256,0,0,attack,motors_spike
817,2023-04-12 20:16:10+00:00,pi2testbed,0,0,62,0,0,115,0,177,256,0,0,attack,motors_spike
818,2023-04-12 20:16:20+00:00,pi2testbed,0,0,62,0,0,115,0,177,256,0,0,attack,motors_spike
819,2023-04-12 20:16:30+00:00,pi2testbed,0,0,62,0,0,115,0,177,256,0,0,attack,motors_spike
820,2023-04-12 20:16:40+00:00,pi2testbed,0,0,62,0,0,115,0,177,256,0,0,attack,motors_spike
821,2023-04-12 20:16:50+00:00,pi2testbed,0,0,63,0,0,110,0,173,252,0,0,attack,motors_spike
822,2023-04-12 20:17:00+00:00,pi2testbed,0,0,63,0,0,110,0,173,252,0,0,attack,motors_spike
823,2023-04-12 20:17:10+00:00,pi2testbed,0,0,63,0,0,110,0,173,252,0,0,attack,motors_spike
824,2023-04-12 20:17:20+00:00,pi2testbed,0,0,63,0,0,110,0,173,252,0,0,attack,motors_spike
825,2023-04-12 20:17:30+00:00,pi2testbed,0,0,63,0,0,110,0,173,252,0,0,attack,motors_spike
826,2023-04-12 20:17:40+00:00,pi2testbed,0,0,61,0,0,110,0,171,250,0,0,attack,motors_spike
827,2023-04-12 20:17:50+00:00,pi2testbed,0,0,62,0,2,112,0,176,255,0,0,attack,motors_spike
828,2023-04-12 20:18:00+00:00,pi2testbed,0,0,63,0,22,114,0,199,278,0,0,attack,motors_spike
829,2023-04-12 20:18:10+00:00,pi2testbed,0,0,63,0,22,114,0,199,278,0,0,attack,motors_spike
830,2023-04-12 20:18:20+00:00,pi2testbed,0,0,63,0,0,115,0,178,257,0,0,attack,motors_spike
831,2023-04-12 20:18:30+00:00,pi2testbed,0,0,63,0,0,115,0,178,257,0,0,attack,motors_spike
832,2023-04-12 20:18:40+00:00,pi2testbed,0,0,63,0,0,115,0,178,257,0,0,attack,motors_spike
833,2023-04-12 20:18:50+00:00,pi2testbed,0,0,63,0,0,115,0,178,258,0,0,attack,motors_spike
834,2023-04-12 20:19:00+00:00,pi2testbed,0,0,63,0,0,115,0,178,258,0,0,attack,motors_spike
835,2023-04-12 20:19:10+00:00,pi2testbed,0,0,63,0,0,110,0,173,252,0,0,attack,motors_spike
836,2023-04-12 20:19:20+00:00,pi2testbed,0,0,64,0,0,110,0,174,253,0,0,attack,motors_spike
837,2023-04-12 20:19:30+00:00,pi2testbed,0,0,64,0,0,110,0,174,253,0,0,attack,motors_spike
838,2023-04-12 20:19:40+00:00,pi2testbed,0,0,64,0,0,110,0,174,253,0,0,attack,motors_spike
839,2023-04-12 20:19:50+00:00,pi2testbed,0,0,64,0,0,110,0,174,253,0,0,attack,motors_spike
840,2023-04-12 20:20:00+00:00,pi2testbed,0,0,63,0,0,110,0,173,252,0,0,attack,motors_spike
841,2023-04-12 20:20:10+00:00,pi2testbed,0,0,63,0,0,110,0,173,252,0,0,attack,motors_spike
842,2023-04-12 20:20:20+00:00,pi2testbed,0,0,63,0,0,110,0,173,252,0,0,attack,motors_spike
843,2023-04-12 20:20:30+00:00,pi2testbed,0,0,64,0,0,110,0,174,253,0,0,attack,motors_spike
844,2023-04-12 20:20:40+00:00,pi2testbed,0,0,64,0,0,110,0,174,253,0,0,attack,motors_spike
845,2023-04-12 20:20:50+00:00,pi2testbed,0,0,63,0,0,110,0,173,252,0,0,attack,motors_spike
846,2023-04-12 20:21:00+00:00,pi2testbed,0,0,63,0,0,110,0,173,252,0,0,attack,motors_spike
847,2023-04-12 20:21:10+00:00,pi2testbed,0,0,63,0,0,110,0,173,252,0,0,attack,motors_spike
848,2023-04-12 20:21:20+00:00,pi2testbed,1,0,62,0,0,110,0,173,252,0,0,attack,motors_spike
849,2023-04-12 20:21:30+00:00,pi2testbed,0,0,63,0,0,110,0,173,252,0,0,attack,motors_spike
850,2023-04-12 20:21:40+00:00,pi2testbed,0,0,63,0,0,110,0,173,252,0,0,attack,motors_spike
851,2023-04-12 20:21:50+00:00,pi2testbed,0,0,63,0,1,110,0,174,253,0,0,attack,motors_spike
852,2023-04-12 20:22:00+00:00,pi2testbed,2,0,62,0,20,114,0,198,277,0,0,attack,motors_spike
853,2023-04-12 20:22:10+00:00,pi2testbed,0,0,62,0,22,114,0,198,277,0,0,attack,motors_spike
854,2023-04-12 20:22:20+00:00,pi2testbed,0,0,62,0,0,115,0,177,256,0,0,attack,motors_spike
855,2023-04-12 20:22:30+00:00,pi2testbed,0,0,62,0,0,115,0,177,256,0,0,attack,motors_spike
856,2023-04-12 20:22:40+00:00,pi2testbed,0,0,62,0,0,115,0,177,256,0,0,attack,motors_spike
857,2023-04-12 20:22:50+00:00,pi2testbed,0,0,62,0,0,115,0,177,256,0,0,attack,motors_spike
858,2023-04-12 20:23:00+00:00,pi2testbed,0,0,60,0,0,115,0,175,254,0,0,attack,motors_spike
859,2023-04-12 20:23:10+00:00,pi2testbed,0,0,61,0,0,110,0,171,250,0,0,attack,motors_spike
860,2023-04-12 20:23:20+00:00,pi2testbed,0,0,61,0,0,110,0,171,250,0,0,attack,motors_spike
861,2023-04-12 20:23:30+00:00,pi2testbed,0,0,61,0,0,110,0,171,250,0,0,attack,motors_spike
862,2023-04-12 20:23:40+00:00,pi2testbed,0,0,61,0,0,110,0,171,250,0,0,attack,motors_spike
863,2023-04-12 20:23:50+00:00,pi2testbed,0,0,61,0,0,110,0,171,250,0,0,attack,motors_spike
864,2023-04-12 20:24:00+00:00,pi2testbed,2,0,61,0,20,114,0,197,276,0,0,attack,motors_spike
865,2023-04-12 20:24:10+00:00,pi2testbed,2,0,61,0,20,114,0,197,276,0,0,attack,motors_spike
866,2023-04-12 20:24:20+00:00,pi2testbed,0,0,61,0,0,115,0,176,255,0,0,attack,motors_spike
867,2023-04-12 20:24:30+00:00,pi2testbed,0,0,60,0,0,115,0,175,254,0,0,attack,motors_spike
868,2023-04-12 20:24:40+00:00,pi2testbed,0,0,60,0,0,115,0,175,254,0,0,attack,motors_spike
869,2023-04-12 20:24:50+00:00,pi2testbed,0,0,60,0,0,115,0,175,254,0,0,attack,motors_spike
870,2023-04-12 20:25:00+00:00,pi2testbed,0,0,60,0,0,115,0,175,254,0,0,attack,motors_spike
871,2023-04-12 20:25:10+00:00,pi2testbed,0,0,60,0,0,110,0,170,249,0,0,attack,motors_spike
872,2023-04-12 20:25:20+00:00,pi2testbed,0,0,61,0,0,110,0,171,250,0,0,attack,motors_spike
873,2023-04-12 20:25:30+00:00,pi2testbed,0,0,59,0,0,110,0,169,248,0,0,attack,motors_spike
874,2023-04-12 20:25:40+00:00,pi2testbed,0,0,60,0,0,110,0,170,249,0,0,attack,motors_spike
875,2023-04-12 20:25:50+00:00,pi2testbed,0,0,61,0,3,111,0,175,254,0,0,attack,motors_spike
876,2023-04-12 20:26:00+00:00,pi2testbed,0,0,62,0,22,114,0,198,277,0,0,attack,motors_spike
877,2023-04-12 20:26:10+00:00,pi2testbed,0,0,62,0,22,114,0,198,277,0,0,attack,motors_spike
878,2023-04-12 20:26:20+00:00,pi2testbed,0,0,62,0,0,115,0,177,256,0,0,attack,motors_spike
879,2023-04-12 20:26:30+00:00,pi2testbed,0,0,62,0,0,115,0,177,256,0,0,attack,motors_spike
880,2023-04-12 20:26:40+00:00,pi2testbed,0,0,62,0,0,115,0,177,256,0,0,attack,motors_spike
881,2023-04-12 20:26:50+00:00,pi2testbed,0,0,62,0,0,115,0,177,256,0,0,attack,motors_spike
882,2023-04-12 20:27:00+00:00,pi2testbed,0,0,61,0,1,115,0,177,256,0,0,attack,motors_spike
883,2023-04-12 20:27:10+00:00,pi2testbed,0,0,63,0,0,110,0,173,252,0,0,attack,motors_spike
884,2023-04-12 20:27:20+00:00,pi2testbed,0,0,63,0,0,110,0,173,252,0,0,attack,motors_spike
885,2023-04-12 20:27:30+00:00,pi2testbed,0,0,63,0,0,110,0,173,252,0,0,attack,motors_spike
886,2023-04-12 20:27:40+00:00,pi2testbed,0,0,63,0,2,112,0,177,256,0,0,attack,motors_spike
887,2023-04-12 20:27:50+00:00,pi2testbed,0,0,63,0,22,114,0,199,278,0,0,attack,motors_spike
888,2023-04-12 20:28:00+00:00,pi2testbed,3,0,63,0,19,114,0,199,278,0,0,attack,motors_spike
889,2023-04-12 20:28:10+00:00,pi2testbed,0,0,63,0,0,115,0,178,257,0,0,attack,motors_spike
890,2023-04-12 20:28:20+00:00,pi2testbed,0,0,61,0,1,115,0,177,256,0,0,attack,motors_spike
891,2023-04-12 20:28:30+00:00,pi2testbed,0,0,62,0,0,115,0,177,256,0,0,attack,motors_spike
892,2023-04-12 20:28:40+00:00,pi2testbed,0,0,62,0,0,115,0,177,256,0,0,attack,motors_spike
893,2023-04-12 20:28:50+00:00,pi2testbed,0,0,62,0,0,115,0,177,257,0,0,attack,motors_spike
894,2023-04-12 20:29:00+00:00,pi2testbed,0,0,63,0,0,110,0,173,253,0,0,attack,motors_spike
895,2023-04-12 20:29:10+00:00,pi2testbed,0,0,63,0,0,110,0,173,252,0,0,attack,motors_spike
896,2023-04-12 20:29:20+00:00,pi2testbed,0,0,63,0,0,110,0,173,252,0,0,attack,motors_spike
897,2023-04-12 20:29:30+00:00,pi2testbed,0,0,63,0,0,110,0,173,252,0,0,attack,motors_spike
898,2023-04-12 20:29:40+00:00,pi2testbed,0,0,62,0,0,110,0,172,251,0,0,attack,motors_spike
899,2023-04-12 20:29:50+00:00,pi2testbed,0,0,61,0,1,110,0,172,251,0,0,attack,motors_spike
