,_time,host,load1,load15,load5,n_cpus,n_unique_users,n_users,uptime,uptime_format,class_1,class_2
0,2023-04-12 17:45:00+00:00,pi2testbed,0.1,0.01,0.04,4,0,0,5339182,"61 days, 19:06",normal,normal
1,2023-04-12 17:45:10+00:00,pi2testbed,0.08,0.01,0.03,4,0,0,5339192,"61 days, 19:06",normal,normal
2,2023-04-12 17:45:20+00:00,pi2testbed,0.07,0.01,0.03,4,0,0,5339202,"61 days, 19:06",normal,normal
3,2023-04-12 17:45:30+00:00,pi2testbed,0.06,0.0,0.03,4,0,0,5339212,"61 days, 19:06",normal,normal
4,2023-04-12 17:45:40+00:00,pi2testbed,0.05,0.0,0.03,4,0,0,5339222,"61 days, 19:07",normal,normal
5,2023-04-12 17:45:50+00:00,pi2testbed,0.04,0.0,0.03,4,0,0,5339232,"61 days, 19:07",normal,normal
6,2023-04-12 17:46:00+00:00,pi2testbed,0.03,0.0,0.03,4,0,0,5339242,"61 days, 19:07",normal,normal
7,2023-04-12 17:46:10+00:00,pi2testbed,0.03,0.0,0.03,4,0,0,5339252,"61 days, 19:07",normal,normal
8,2023-04-12 17:46:20+00:00,pi2testbed,0.02,0.0,0.02,4,0,0,5339262,"61 days, 19:07",normal,normal
9,2023-04-12 17:46:30+00:00,pi2testbed,0.02,0.0,0.02,4,0,0,5339272,"61 days, 19:07",normal,normal
10,2023-04-12 17:46:40+00:00,pi2testbed,0.02,0.0,0.02,4,0,0,5339282,"61 days, 19:08",normal,normal
11,2023-04-12 17:46:50+00:00,pi2testbed,0.01,0.0,0.02,4,0,0,5339292,"61 days, 19:08",normal,normal
12,2023-04-12 17:47:00+00:00,pi2testbed,0.01,0.0,0.02,4,0,0,5339302,"61 days, 19:08",normal,normal
13,2023-04-12 17:47:10+00:00,pi2testbed,0.01,0.0,0.02,4,0,0,5339312,"61 days, 19:08",normal,normal
14,2023-04-12 17:47:20+00:00,pi2testbed,0.01,0.0,0.02,4,0,0,5339322,"61 days, 19:08",normal,normal
15,2023-04-12 17:47:30+00:00,pi2testbed,0.0,0.0,0.02,4,0,0,5339332,"61 days, 19:08",normal,normal
16,2023-04-12 17:47:40+00:00,pi2testbed,0.0,0.0,0.02,4,0,0,5339342,"61 days, 19:09",normal,normal
17,2023-04-12 17:47:50+00:00,pi2testbed,0.0,0.0,0.02,4,0,0,5339352,"61 days, 19:09",normal,normal
18,2023-04-12 17:48:00+00:00,pi2testbed,0.0,0.0,0.02,4,0,0,5339362,"61 days, 19:09",normal,normal
19,2023-04-12 17:48:10+00:00,pi2testbed,0.0,0.0,0.01,4,0,0,5339372,"61 days, 19:09",normal,normal
20,2023-04-12 17:48:20+00:00,pi2testbed,0.0,0.0,0.01,4,0,0,5339382,"61 days, 19:09",normal,normal
21,2023-04-12 17:48:30+00:00,pi2testbed,0.0,0.0,0.01,4,0,0,5339392,"61 days, 19:09",normal,normal
22,2023-04-12 17:48:40+00:00,pi2testbed,0.0,0.0,0.01,4,0,0,5339402,"61 days, 19:10",normal,normal
23,2023-04-12 17:48:50+00:00,pi2testbed,0.0,0.0,0.01,4,0,0,5339412,"61 days, 19:10",normal,normal
24,2023-04-12 17:49:00+00:00,pi2testbed,0.0,0.0,0.01,4,0,0,5339422,"61 days, 19:10",normal,normal
25,2023-04-12 17:49:10+00:00,pi2testbed,0.0,0.0,0.01,4,0,0,5339432,"61 days, 19:10",normal,normal
26,2023-04-12 17:49:20+00:00,pi2testbed,0.0,0.0,0.01,4,0,0,5339442,"61 days, 19:10",normal,normal
27,2023-04-12 17:49:30+00:00,pi2testbed,0.0,0.0,0.01,4,0,0,5339452,"61 days, 19:10",normal,normal
28,2023-04-12 17:49:40+00:00,pi2testbed,0.0,0.0,0.01,4,0,0,5339462,"61 days, 19:11",normal,normal
29,2023-04-12 17:49:50+00:00,pi2testbed,0.0,0.0,0.0,4,0,0,5339472,"61 days, 19:11",normal,normal
30,2023-04-12 17:50:00+00:00,pi2testbed,0.0,0.0,0.0,4,0,0,5339482,"61 days, 19:11",normal,normal
31,2023-04-12 17:50:10+00:00,pi2testbed,0.0,0.0,0.0,4,0,0,5339492,"61 days, 19:11",normal,normal
32,2023-04-12 17:50:20+00:00,pi2testbed,0.0,0.0,0.0,4,0,0,5339502,"61 days, 19:11",normal,normal
33,2023-04-12 17:50:30+00:00,pi2testbed,0.0,0.0,0.0,4,0,0,5339512,"61 days, 19:11",normal,normal
34,2023-04-12 17:50:40+00:00,pi2testbed,0.0,0.0,0.0,4,0,0,5339522,"61 days, 19:12",normal,normal
35,2023-04-12 17:50:50+00:00,pi2testbed,0.0,0.0,0.0,4,0,0,5339532,"61 days, 19:12",normal,normal
36,2023-04-12 17:51:00+00:00,pi2testbed,0.0,0.0,0.0,4,0,0,5339542,"61 days, 19:12",normal,normal
37,2023-04-12 17:51:10+00:00,pi2testbed,0.0,0.0,0.0,4,0,0,5339552,"61 days, 19:12",normal,normal
38,2023-04-12 17:51:20+00:00,pi2testbed,0.0,0.0,0.0,4,0,0,5339562,"61 days, 19:12",normal,normal
39,2023-04-12 17:51:30+00:00,pi2testbed,0.0,0.0,0.0,4,0,0,5339572,"61 days, 19:12",normal,normal
40,2023-04-12 17:51:40+00:00,pi2testbed,0.0,0.0,0.0,4,0,0,5339582,"61 days, 19:13",normal,normal
41,2023-04-12 17:51:50+00:00,pi2testbed,0.0,0.0,0.0,4,0,0,5339592,"61 days, 19:13",normal,normal
42,2023-04-12 17:52:00+00:00,pi2testbed,0.0,0.0,0.0,4,0,0,5339602,"61 days, 19:13",normal,normal
43,2023-04-12 17:52:10+00:00,pi2testbed,0.0,0.0,0.0,4,0,0,5339612,"61 days, 19:13",normal,normal
44,2023-04-12 17:52:20+00:00,pi2testbed,0.0,0.0,0.0,4,0,0,5339622,"61 days, 19:13",normal,normal
45,2023-04-12 17:52:30+00:00,pi2testbed,0.0,0.0,0.0,4,0,0,5339632,"61 days, 19:13",normal,normal
46,2023-04-12 17:52:40+00:00,pi2testbed,0.0,0.0,0.0,4,0,0,5339642,"61 days, 19:14",normal,normal
47,2023-04-12 17:52:50+00:00,pi2testbed,0.0,0.0,0.0,4,0,0,5339652,"61 days, 19:14",normal,normal
48,2023-04-12 17:53:00+00:00,pi2testbed,0.0,0.0,0.0,4,0,0,5339662,"61 days, 19:14",normal,normal
49,2023-04-12 17:53:10+00:00,pi2testbed,0.0,0.0,0.0,4,0,0,5339672,"61 days, 19:14",normal,normal
50,2023-04-12 17:53:20+00:00,pi2testbed,0.0,0.0,0.0,4,0,0,5339682,"61 days, 19:14",normal,normal
51,2023-04-12 17:53:30+00:00,pi2testbed,0.0,0.0,0.0,4,0,0,5339692,"61 days, 19:14",normal,normal
52,2023-04-12 17:53:40+00:00,pi2testbed,0.0,0.0,0.0,4,0,0,5339702,"61 days, 19:15",normal,normal
53,2023-04-12 17:53:50+00:00,pi2testbed,0.0,0.0,0.0,4,0,0,5339712,"61 days, 19:15",normal,normal
54,2023-04-12 17:54:00+00:00,pi2testbed,0.0,0.0,0.0,4,0,0,5339722,"61 days, 19:15",normal,normal
55,2023-04-12 17:54:10+00:00,pi2testbed,0.0,0.0,0.0,4,0,0,5339732,"61 days, 19:15",normal,normal
56,2023-04-12 17:54:20+00:00,pi2testbed,0.0,0.0,0.0,4,0,0,5339742,"61 days, 19:15",normal,normal
57,2023-04-12 17:54:30+00:00,pi2testbed,0.0,0.0,0.0,4,0,0,5339752,"61 days, 19:15",normal,normal
58,2023-04-12 17:54:40+00:00,pi2testbed,0.0,0.0,0.0,4,0,0,5339762,"61 days, 19:16",normal,normal
59,2023-04-12 17:54:50+00:00,pi2testbed,0.0,0.0,0.0,4,0,0,5339772,"61 days, 19:16",normal,normal
60,2023-04-12 17:55:00+00:00,pi2testbed,0.0,0.0,0.0,4,0,0,5339782,"61 days, 19:16",normal,normal
61,2023-04-12 17:55:10+00:00,pi2testbed,0.0,0.0,0.0,4,0,0,5339792,"61 days, 19:16",normal,normal
62,2023-04-12 17:55:20+00:00,pi2testbed,0.0,0.0,0.0,4,0,0,5339802,"61 days, 19:16",normal,normal
63,2023-04-12 17:55:30+00:00,pi2testbed,0.0,0.0,0.0,4,0,0,5339812,"61 days, 19:16",normal,normal
64,2023-04-12 17:55:40+00:00,pi2testbed,0.0,0.0,0.0,4,0,0,5339822,"61 days, 19:17",normal,normal
65,2023-04-12 17:55:50+00:00,pi2testbed,0.0,0.0,0.0,4,0,0,5339832,"61 days, 19:17",normal,normal
66,2023-04-12 17:56:00+00:00,pi2testbed,0.0,0.0,0.0,4,0,0,5339842,"61 days, 19:17",normal,normal
67,2023-04-12 17:56:10+00:00,pi2testbed,0.0,0.0,0.0,4,0,0,5339852,"61 days, 19:17",normal,normal
68,2023-04-12 17:56:20+00:00,pi2testbed,0.0,0.0,0.0,4,0,0,5339862,"61 days, 19:17",normal,normal
69,2023-04-12 17:56:30+00:00,pi2testbed,0.0,0.0,0.0,4,0,0,5339872,"61 days, 19:17",normal,normal
70,2023-04-12 17:56:40+00:00,pi2testbed,0.15,0.01,0.03,4,0,0,5339882,"61 days, 19:18",normal,normal
71,2023-04-12 17:56:50+00:00,pi2testbed,0.12,0.01,0.03,4,0,0,5339892,"61 days, 19:18",normal,normal
72,2023-04-12 17:57:00+00:00,pi2testbed,0.1,0.01,0.03,4,0,0,5339902,"61 days, 19:18",normal,normal
73,2023-04-12 17:57:10+00:00,pi2testbed,0.09,0.01,0.03,4,0,0,5339912,"61 days, 19:18",normal,normal
74,2023-04-12 17:57:20+00:00,pi2testbed,0.23,0.02,0.06,4,0,0,5339922,"61 days, 19:18",normal,normal
75,2023-04-12 17:57:30+00:00,pi2testbed,0.2,0.02,0.06,4,0,0,5339932,"61 days, 19:18",normal,normal
76,2023-04-12 17:57:40+00:00,pi2testbed,0.17,0.02,0.06,4,0,0,5339942,"61 days, 19:19",normal,normal
77,2023-04-12 17:57:50+00:00,pi2testbed,0.14,0.01,0.05,4,0,0,5339952,"61 days, 19:19",normal,normal
78,2023-04-12 17:58:00+00:00,pi2testbed,0.12,0.01,0.05,4,0,0,5339962,"61 days, 19:19",normal,normal
79,2023-04-12 17:58:10+00:00,pi2testbed,0.1,0.01,0.05,4,0,0,5339972,"61 days, 19:19",normal,normal
80,2023-04-12 17:58:20+00:00,pi2testbed,0.08,0.01,0.05,4,0,0,5339982,"61 days, 19:19",normal,normal
81,2023-04-12 17:58:30+00:00,pi2testbed,0.07,0.01,0.05,4,0,0,5339992,"61 days, 19:19",normal,normal
82,2023-04-12 17:58:40+00:00,pi2testbed,0.06,0.01,0.04,4,0,0,5340002,"61 days, 19:20",normal,normal
83,2023-04-12 17:58:50+00:00,pi2testbed,0.05,0.01,0.04,4,0,0,5340012,"61 days, 19:20",normal,normal
84,2023-04-12 17:59:00+00:00,pi2testbed,0.04,0.01,0.04,4,0,0,5340022,"61 days, 19:20",normal,normal
85,2023-04-12 17:59:10+00:00,pi2testbed,0.04,0.01,0.04,4,0,0,5340032,"61 days, 19:20",normal,normal
86,2023-04-12 17:59:20+00:00,pi2testbed,0.03,0.01,0.04,4,0,0,5340042,"61 days, 19:20",normal,normal
87,2023-04-12 17:59:30+00:00,pi2testbed,0.02,0.0,0.03,4,0,0,5340052,"61 days, 19:20",normal,normal
88,2023-04-12 17:59:40+00:00,pi2testbed,0.02,0.0,0.03,4,0,0,5340062,"61 days, 19:21",normal,normal
89,2023-04-12 17:59:50+00:00,pi2testbed,0.02,0.0,0.03,4,0,0,5340072,"61 days, 19:21",normal,normal
90,2023-04-12 18:00:00+00:00,pi2testbed,0.01,0.0,0.03,4,0,0,5340082,"61 days, 19:21",normal,normal
91,2023-04-12 18:00:10+00:00,pi2testbed,0.01,0.0,0.03,4,0,0,5340092,"61 days, 19:21",normal,normal
92,2023-04-12 18:00:20+00:00,pi2testbed,0.01,0.0,0.03,4,0,0,5340102,"61 days, 19:21",normal,normal
93,2023-04-12 18:00:30+00:00,pi2testbed,0.01,0.0,0.03,4,0,0,5340112,"61 days, 19:21",normal,normal
94,2023-04-12 18:00:40+00:00,pi2testbed,0.01,0.0,0.02,4,0,0,5340122,"61 days, 19:22",normal,normal
95,2023-04-12 18:00:50+00:00,pi2testbed,0.0,0.0,0.02,4,0,0,5340132,"61 days, 19:22",normal,normal
96,2023-04-12 18:01:00+00:00,pi2testbed,0.0,0.0,0.02,4,0,0,5340142,"61 days, 19:22",normal,normal
97,2023-04-12 18:01:10+00:00,pi2testbed,0.0,0.0,0.02,4,0,0,5340152,"61 days, 19:22",normal,normal
98,2023-04-12 18:01:20+00:00,pi2testbed,0.0,0.0,0.02,4,0,0,5340162,"61 days, 19:22",normal,normal
99,2023-04-12 18:01:30+00:00,pi2testbed,0.0,0.0,0.02,4,0,0,5340172,"61 days, 19:22",normal,normal
100,2023-04-12 18:01:40+00:00,pi2testbed,0.16,0.01,0.05,4,0,0,5340182,"61 days, 19:23",normal,normal
101,2023-04-12 18:01:50+00:00,pi2testbed,0.13,0.01,0.05,4,0,0,5340192,"61 days, 19:23",normal,normal
102,2023-04-12 18:02:00+00:00,pi2testbed,0.11,0.01,0.05,4,0,0,5340202,"61 days, 19:23",normal,normal
103,2023-04-12 18:02:10+00:00,pi2testbed,0.17,0.01,0.06,4,0,0,5340212,"61 days, 19:23",normal,normal
104,2023-04-12 18:02:20+00:00,pi2testbed,0.14,0.01,0.06,4,0,0,5340222,"61 days, 19:23",normal,normal
105,2023-04-12 18:02:30+00:00,pi2testbed,0.12,0.01,0.06,4,0,0,5340232,"61 days, 19:23",normal,normal
106,2023-04-12 18:02:40+00:00,pi2testbed,0.1,0.01,0.06,4,0,0,5340242,"61 days, 19:24",normal,normal
107,2023-04-12 18:02:50+00:00,pi2testbed,0.09,0.01,0.05,4,0,0,5340252,"61 days, 19:24",normal,normal
108,2023-04-12 18:03:00+00:00,pi2testbed,0.07,0.01,0.05,4,0,0,5340262,"61 days, 19:24",normal,normal
109,2023-04-12 18:03:10+00:00,pi2testbed,0.06,0.01,0.05,4,0,0,5340272,"61 days, 19:24",normal,normal
110,2023-04-12 18:03:20+00:00,pi2testbed,0.05,0.01,0.05,4,0,0,5340282,"61 days, 19:24",normal,normal
111,2023-04-12 18:03:30+00:00,pi2testbed,0.04,0.01,0.05,4,0,0,5340292,"61 days, 19:24",normal,normal
112,2023-04-12 18:03:40+00:00,pi2testbed,0.04,0.0,0.04,4,0,0,5340302,"61 days, 19:25",normal,normal
113,2023-04-12 18:03:50+00:00,pi2testbed,0.03,0.0,0.04,4,0,0,5340312,"61 days, 19:25",normal,normal
114,2023-04-12 18:04:00+00:00,pi2testbed,0.02,0.0,0.04,4,0,0,5340322,"61 days, 19:25",normal,normal
115,2023-04-12 18:04:10+00:00,pi2testbed,0.02,0.0,0.04,4,0,0,5340332,"61 days, 19:25",normal,normal
116,2023-04-12 18:04:20+00:00,pi2testbed,0.02,0.0,0.04,4,0,0,5340342,"61 days, 19:25",normal,normal
117,2023-04-12 18:04:30+00:00,pi2testbed,0.01,0.0,0.03,4,0,0,5340352,"61 days, 19:25",normal,normal
118,2023-04-12 18:04:40+00:00,pi2testbed,0.01,0.0,0.03,4,0,0,5340362,"61 days, 19:26",normal,normal
119,2023-04-12 18:04:50+00:00,pi2testbed,0.01,0.0,0.03,4,0,0,5340372,"61 days, 19:26",normal,normal
120,2023-04-12 18:05:00+00:00,pi2testbed,0.01,0.0,0.03,4,0,0,5340382,"61 days, 19:26",normal,normal
121,2023-04-12 18:05:10+00:00,pi2testbed,0.01,0.0,0.03,4,0,0,5340392,"61 days, 19:26",normal,normal
122,2023-04-12 18:05:20+00:00,pi2testbed,0.0,0.0,0.03,4,0,0,5340402,"61 days, 19:26",normal,normal
123,2023-04-12 18:05:30+00:00,pi2testbed,0.0,0.0,0.03,4,0,0,5340412,"61 days, 19:26",normal,normal
124,2023-04-12 18:05:40+00:00,pi2testbed,0.0,0.0,0.02,4,0,0,5340422,"61 days, 19:27",normal,normal
125,2023-04-12 18:05:50+00:00,pi2testbed,0.0,0.0,0.02,4,0,0,5340432,"61 days, 19:27",normal,normal
126,2023-04-12 18:06:00+00:00,pi2testbed,0.0,0.0,0.02,4,0,0,5340442,"61 days, 19:27",normal,normal
127,2023-04-12 18:06:10+00:00,pi2testbed,0.0,0.0,0.02,4,0,0,5340452,"61 days, 19:27",normal,normal
128,2023-04-12 18:06:20+00:00,pi2testbed,0.0,0.0,0.02,4,0,0,5340462,"61 days, 19:27",normal,normal
129,2023-04-12 18:06:30+00:00,pi2testbed,0.0,0.0,0.02,4,0,0,5340472,"61 days, 19:27",normal,normal
130,2023-04-12 18:06:40+00:00,pi2testbed,0.0,0.0,0.02,4,0,0,5340482,"61 days, 19:28",normal,normal
131,2023-04-12 18:06:50+00:00,pi2testbed,0.0,0.0,0.02,4,0,0,5340492,"61 days, 19:28",normal,normal
132,2023-04-12 18:07:00+00:00,pi2testbed,0.0,0.0,0.02,4,0,0,5340502,"61 days, 19:28",normal,normal
133,2023-04-12 18:07:10+00:00,pi2testbed,0.0,0.0,0.02,4,0,0,5340512,"61 days, 19:28",normal,normal
134,2023-04-12 18:07:20+00:00,pi2testbed,0.0,0.0,0.02,4,0,0,5340522,"61 days, 19:28",normal,normal
135,2023-04-12 18:07:30+00:00,pi2testbed,0.0,0.0,0.01,4,0,0,5340532,"61 days, 19:28",normal,normal
136,2023-04-12 18:07:40+00:00,pi2testbed,0.0,0.0,0.01,4,0,0,5340542,"61 days, 19:29",normal,normal
137,2023-04-12 18:07:50+00:00,pi2testbed,0.0,0.0,0.01,4,0,0,5340552,"61 days, 19:29",normal,normal
138,2023-04-12 18:08:00+00:00,pi2testbed,0.0,0.0,0.01,4,0,0,5340562,"61 days, 19:29",normal,normal
139,2023-04-12 18:08:10+00:00,pi2testbed,0.0,0.0,0.01,4,0,0,5340572,"61 days, 19:29",normal,normal
140,2023-04-12 18:08:20+00:00,pi2testbed,0.0,0.0,0.01,4,0,0,5340582,"61 days, 19:29",normal,normal
141,2023-04-12 18:08:30+00:00,pi2testbed,0.0,0.0,0.01,4,0,0,5340592,"61 days, 19:29",normal,normal
142,2023-04-12 18:08:40+00:00,pi2testbed,0.0,0.0,0.01,4,0,0,5340602,"61 days, 19:30",normal,normal
143,2023-04-12 18:08:50+00:00,pi2testbed,0.0,0.0,0.01,4,0,0,5340612,"61 days, 19:30",normal,normal
144,2023-04-12 18:09:00+00:00,pi2testbed,0.0,0.0,0.01,4,0,0,5340622,"61 days, 19:30",normal,normal
145,2023-04-12 18:09:10+00:00,pi2testbed,0.0,0.0,0.0,4,0,0,5340632,"61 days, 19:30",normal,normal
146,2023-04-12 18:09:20+00:00,pi2testbed,0.0,0.0,0.0,4,0,0,5340642,"61 days, 19:30",normal,normal
147,2023-04-12 18:09:30+00:00,pi2testbed,0.0,0.0,0.0,4,0,0,5340652,"61 days, 19:30",normal,normal
148,2023-04-12 18:09:40+00:00,pi2testbed,0.0,0.0,0.0,4,0,0,5340662,"61 days, 19:31",normal,normal
149,2023-04-12 18:09:50+00:00,pi2testbed,0.08,0.01,0.02,4,0,0,5340672,"61 days, 19:31",normal,normal
150,2023-04-12 18:10:00+00:00,pi2testbed,0.07,0.0,0.02,4,0,0,5340682,"61 days, 19:31",normal,normal
151,2023-04-12 18:10:10+00:00,pi2testbed,0.06,0.0,0.02,4,0,0,5340692,"61 days, 19:31",normal,normal
152,2023-04-12 18:10:20+00:00,pi2testbed,0.05,0.0,0.01,4,0,0,5340702,"61 days, 19:31",normal,normal
153,2023-04-12 18:10:30+00:00,pi2testbed,0.04,0.0,0.01,4,0,0,5340712,"61 days, 19:31",normal,normal
154,2023-04-12 18:10:40+00:00,pi2testbed,0.03,0.0,0.01,4,0,0,5340722,"61 days, 19:32",normal,normal
155,2023-04-12 18:10:50+00:00,pi2testbed,0.03,0.0,0.01,4,0,0,5340732,"61 days, 19:32",normal,normal
156,2023-04-12 18:11:00+00:00,pi2testbed,0.02,0.0,0.01,4,0,0,5340742,"61 days, 19:32",normal,normal
157,2023-04-12 18:11:10+00:00,pi2testbed,0.02,0.0,0.01,4,0,0,5340752,"61 days, 19:32",normal,normal
158,2023-04-12 18:11:20+00:00,pi2testbed,0.02,0.0,0.01,4,0,0,5340762,"61 days, 19:32",normal,normal
159,2023-04-12 18:11:30+00:00,pi2testbed,0.01,0.0,0.01,4,0,0,5340772,"61 days, 19:32",normal,normal
160,2023-04-12 18:11:40+00:00,pi2testbed,0.01,0.0,0.01,4,0,0,5340782,"61 days, 19:33",normal,normal
161,2023-04-12 18:11:50+00:00,pi2testbed,0.01,0.0,0.01,4,0,0,5340792,"61 days, 19:33",normal,normal
162,2023-04-12 18:12:00+00:00,pi2testbed,0.01,0.0,0.0,4,0,0,5340802,"61 days, 19:33",normal,normal
163,2023-04-12 18:12:10+00:00,pi2testbed,0.0,0.0,0.0,4,0,0,5340812,"61 days, 19:33",normal,normal
164,2023-04-12 18:12:20+00:00,pi2testbed,0.0,0.0,0.0,4,0,0,5340822,"61 days, 19:33",normal,normal
165,2023-04-12 18:12:30+00:00,pi2testbed,0.0,0.0,0.0,4,0,0,5340832,"61 days, 19:33",normal,normal
166,2023-04-12 18:12:40+00:00,pi2testbed,0.0,0.0,0.0,4,0,0,5340842,"61 days, 19:34",normal,normal
167,2023-04-12 18:12:50+00:00,pi2testbed,0.08,0.01,0.02,4,0,0,5340852,"61 days, 19:34",normal,normal
168,2023-04-12 18:13:00+00:00,pi2testbed,0.07,0.0,0.02,4,0,0,5340862,"61 days, 19:34",normal,normal
169,2023-04-12 18:13:10+00:00,pi2testbed,0.06,0.0,0.02,4,0,0,5340872,"61 days, 19:34",normal,normal
170,2023-04-12 18:13:20+00:00,pi2testbed,0.05,0.0,0.01,4,0,0,5340882,"61 days, 19:34",normal,normal
171,2023-04-12 18:13:30+00:00,pi2testbed,0.04,0.0,0.01,4,0,0,5340892,"61 days, 19:34",normal,normal
172,2023-04-12 18:13:40+00:00,pi2testbed,0.03,0.0,0.01,4,0,0,5340902,"61 days, 19:35",normal,normal
173,2023-04-12 18:13:50+00:00,pi2testbed,0.03,0.0,0.01,4,0,0,5340912,"61 days, 19:35",normal,normal
174,2023-04-12 18:14:00+00:00,pi2testbed,0.02,0.0,0.01,4,0,0,5340922,"61 days, 19:35",normal,normal
175,2023-04-12 18:14:10+00:00,pi2testbed,0.02,0.0,0.01,4,0,0,5340932,"61 days, 19:35",normal,normal
176,2023-04-12 18:14:20+00:00,pi2testbed,0.02,0.0,0.01,4,0,0,5340942,"61 days, 19:35",normal,normal
177,2023-04-12 18:14:30+00:00,pi2testbed,0.01,0.0,0.01,4,0,0,5340952,"61 days, 19:35",normal,normal
178,2023-04-12 18:14:40+00:00,pi2testbed,0.01,0.0,0.01,4,0,0,5340962,"61 days, 19:36",normal,normal
179,2023-04-12 18:14:50+00:00,pi2testbed,0.16,0.01,0.04,4,0,0,5340972,"61 days, 19:36",normal,normal
180,2023-04-12 18:15:00+00:00,pi2testbed,0.13,0.01,0.04,4,0,0,5340982,"61 days, 19:36",normal,normal
181,2023-04-12 18:15:10+00:00,pi2testbed,0.11,0.01,0.03,4,0,0,5340992,"61 days, 19:36",normal,normal
182,2023-04-12 18:15:20+00:00,pi2testbed,0.09,0.01,0.03,4,0,0,5341002,"61 days, 19:36",normal,normal
183,2023-04-12 18:15:30+00:00,pi2testbed,0.08,0.01,0.03,4,0,0,5341012,"61 days, 19:36",normal,normal
184,2023-04-12 18:15:40+00:00,pi2testbed,0.07,0.01,0.03,4,0,0,5341022,"61 days, 19:37",normal,normal
185,2023-04-12 18:15:50+00:00,pi2testbed,0.06,0.0,0.03,4,0,0,5341032,"61 days, 19:37",normal,normal
186,2023-04-12 18:16:00+00:00,pi2testbed,0.05,0.0,0.03,4,0,0,5341042,"61 days, 19:37",normal,normal
187,2023-04-12 18:16:10+00:00,pi2testbed,0.04,0.0,0.03,4,0,0,5341052,"61 days, 19:37",normal,normal
188,2023-04-12 18:16:20+00:00,pi2testbed,0.03,0.0,0.02,4,0,0,5341062,"61 days, 19:37",normal,normal
189,2023-04-12 18:16:30+00:00,pi2testbed,0.03,0.0,0.02,4,0,0,5341072,"61 days, 19:37",normal,normal
190,2023-04-12 18:16:40+00:00,pi2testbed,0.02,0.0,0.02,4,0,0,5341082,"61 days, 19:38",normal,normal
191,2023-04-12 18:16:50+00:00,pi2testbed,0.02,0.0,0.02,4,0,0,5341092,"61 days, 19:38",normal,normal
192,2023-04-12 18:17:00+00:00,pi2testbed,0.02,0.0,0.02,4,0,0,5341102,"61 days, 19:38",normal,normal
193,2023-04-12 18:17:10+00:00,pi2testbed,0.01,0.0,0.02,4,0,0,5341112,"61 days, 19:38",normal,normal
194,2023-04-12 18:17:20+00:00,pi2testbed,0.01,0.0,0.02,4,0,0,5341122,"61 days, 19:38",normal,normal
195,2023-04-12 18:17:30+00:00,pi2testbed,0.01,0.0,0.02,4,0,0,5341132,"61 days, 19:38",normal,normal
196,2023-04-12 18:17:40+00:00,pi2testbed,0.01,0.0,0.02,4,0,0,5341142,"61 days, 19:39",normal,normal
197,2023-04-12 18:17:50+00:00,pi2testbed,0.0,0.0,0.02,4,0,0,5341152,"61 days, 19:39",normal,normal
198,2023-04-12 18:18:00+00:00,pi2testbed,0.0,0.0,0.02,4,0,0,5341162,"61 days, 19:39",normal,normal
199,2023-04-12 18:18:10+00:00,pi2testbed,0.0,0.0,0.01,4,0,0,5341172,"61 days, 19:39",normal,normal
200,2023-04-12 18:18:20+00:00,pi2testbed,0.0,0.0,0.01,4,0,0,5341182,"61 days, 19:39",normal,normal
201,2023-04-12 18:18:30+00:00,pi2testbed,0.0,0.0,0.01,4,0,0,5341192,"61 days, 19:39",normal,normal
202,2023-04-12 18:18:40+00:00,pi2testbed,0.08,0.01,0.03,4,0,0,5341202,"61 days, 19:40",normal,normal
203,2023-04-12 18:18:50+00:00,pi2testbed,0.07,0.0,0.03,4,0,0,5341212,"61 days, 19:40",normal,normal
204,2023-04-12 18:19:00+00:00,pi2testbed,0.06,0.0,0.03,4,0,0,5341222,"61 days, 19:40",normal,normal
205,2023-04-12 18:19:10+00:00,pi2testbed,0.05,0.0,0.03,4,0,0,5341232,"61 days, 19:40",normal,normal
206,2023-04-12 18:19:20+00:00,pi2testbed,0.04,0.0,0.02,4,0,0,5341242,"61 days, 19:40",normal,normal
207,2023-04-12 18:19:30+00:00,pi2testbed,0.03,0.0,0.02,4,0,0,5341252,"61 days, 19:40",normal,normal
208,2023-04-12 18:19:40+00:00,pi2testbed,0.03,0.0,0.02,4,0,0,5341262,"61 days, 19:41",normal,normal
209,2023-04-12 18:19:50+00:00,pi2testbed,0.02,0.0,0.02,4,0,0,5341272,"61 days, 19:41",normal,normal
210,2023-04-12 18:20:00+00:00,pi2testbed,0.02,0.0,0.02,4,0,0,5341282,"61 days, 19:41",normal,normal
211,2023-04-12 18:20:10+00:00,pi2testbed,0.02,0.0,0.02,4,0,0,5341292,"61 days, 19:41",normal,normal
212,2023-04-12 18:20:20+00:00,pi2testbed,0.01,0.0,0.02,4,0,0,5341302,"61 days, 19:41",normal,normal
213,2023-04-12 18:20:30+00:00,pi2testbed,0.01,0.0,0.02,4,0,0,5341312,"61 days, 19:41",normal,normal
214,2023-04-12 18:20:40+00:00,pi2testbed,0.01,0.0,0.02,4,0,0,5341322,"61 days, 19:42",normal,normal
215,2023-04-12 18:20:50+00:00,pi2testbed,0.01,0.0,0.02,4,0,0,5341332,"61 days, 19:42",normal,normal
216,2023-04-12 18:21:00+00:00,pi2testbed,0.0,0.0,0.01,4,0,0,5341342,"61 days, 19:42",normal,normal
217,2023-04-12 18:21:10+00:00,pi2testbed,0.0,0.0,0.01,4,0,0,5341352,"61 days, 19:42",normal,normal
218,2023-04-12 18:21:20+00:00,pi2testbed,0.0,0.0,0.01,4,0,0,5341362,"61 days, 19:42",normal,normal
219,2023-04-12 18:21:30+00:00,pi2testbed,0.0,0.0,0.01,4,0,0,5341372,"61 days, 19:42",normal,normal
220,2023-04-12 18:21:40+00:00,pi2testbed,0.0,0.0,0.01,4,0,0,5341382,"61 days, 19:43",normal,normal
221,2023-04-12 18:21:50+00:00,pi2testbed,0.0,0.0,0.01,4,0,0,5341392,"61 days, 19:43",normal,normal
222,2023-04-12 18:22:00+00:00,pi2testbed,0.0,0.0,0.01,4,0,0,5341402,"61 days, 19:43",normal,normal
223,2023-04-12 18:22:10+00:00,pi2testbed,0.0,0.0,0.01,4,0,0,5341412,"61 days, 19:43",normal,normal
224,2023-04-12 18:22:20+00:00,pi2testbed,0.0,0.0,0.01,4,0,0,5341422,"61 days, 19:43",normal,normal
225,2023-04-12 18:22:30+00:00,pi2testbed,0.0,0.0,0.01,4,0,0,5341432,"61 days, 19:43",normal,normal
226,2023-04-12 18:22:40+00:00,pi2testbed,0.0,0.0,0.0,4,0,0,5341442,"61 days, 19:44",normal,normal
227,2023-04-12 18:22:50+00:00,pi2testbed,0.0,0.0,0.0,4,0,0,5341452,"61 days, 19:44",normal,normal
228,2023-04-12 18:23:00+00:00,pi2testbed,0.0,0.0,0.0,4,0,0,5341462,"61 days, 19:44",normal,normal
229,2023-04-12 18:23:10+00:00,pi2testbed,0.0,0.0,0.0,4,0,0,5341472,"61 days, 19:44",normal,normal
230,2023-04-12 18:23:20+00:00,pi2testbed,0.0,0.0,0.0,4,0,0,5341482,"61 days, 19:44",normal,normal
231,2023-04-12 18:23:30+00:00,pi2testbed,0.07,0.0,0.02,4,0,0,5341492,"61 days, 19:44",normal,normal
232,2023-04-12 18:23:40+00:00,pi2testbed,0.06,0.0,0.02,4,0,0,5341502,"61 days, 19:45",normal,normal
233,2023-04-12 18:23:50+00:00,pi2testbed,0.05,0.0,0.02,4,0,0,5341512,"61 days, 19:45",normal,normal
234,2023-04-12 18:24:00+00:00,pi2testbed,0.04,0.0,0.01,4,0,0,5341522,"61 days, 19:45",normal,normal
235,2023-04-12 18:24:10+00:00,pi2testbed,0.04,0.0,0.01,4,0,0,5341532,"61 days, 19:45",normal,normal
236,2023-04-12 18:24:20+00:00,pi2testbed,0.03,0.0,0.01,4,0,0,5341542,"61 days, 19:45",normal,normal
237,2023-04-12 18:24:30+00:00,pi2testbed,0.02,0.0,0.01,4,0,0,5341552,"61 days, 19:45",normal,normal
238,2023-04-12 18:24:40+00:00,pi2testbed,0.02,0.0,0.01,4,0,0,5341562,"61 days, 19:46",normal,normal
239,2023-04-12 18:24:50+00:00,pi2testbed,0.02,0.0,0.01,4,0,0,5341572,"61 days, 19:46",normal,normal
240,2023-04-12 18:25:00+00:00,pi2testbed,0.01,0.0,0.01,4,0,0,5341582,"61 days, 19:46",normal,normal
241,2023-04-12 18:25:10+00:00,pi2testbed,0.01,0.0,0.01,4,0,0,5341592,"61 days, 19:46",normal,normal
242,2023-04-12 18:25:20+00:00,pi2testbed,0.01,0.0,0.01,4,0,0,5341602,"61 days, 19:46",normal,normal
243,2023-04-12 18:25:30+00:00,pi2testbed,0.01,0.0,0.01,4,0,0,5341612,"61 days, 19:46",normal,normal
244,2023-04-12 18:25:40+00:00,pi2testbed,0.01,0.0,0.0,4,0,0,5341622,"61 days, 19:47",normal,normal
245,2023-04-12 18:25:50+00:00,pi2testbed,0.0,0.0,0.0,4,0,0,5341632,"61 days, 19:47",normal,normal
246,2023-04-12 18:26:00+00:00,pi2testbed,0.0,0.0,0.0,4,0,0,5341642,"61 days, 19:47",normal,normal
247,2023-04-12 18:26:10+00:00,pi2testbed,0.0,0.0,0.0,4,0,0,5341652,"61 days, 19:47",normal,normal
248,2023-04-12 18:26:20+00:00,pi2testbed,0.0,0.0,0.0,4,0,0,5341662,"61 days, 19:47",normal,normal
249,2023-04-12 18:26:30+00:00,pi2testbed,0.0,0.0,0.0,4,0,0,5341672,"61 days, 19:47",normal,normal
250,2023-04-12 18:26:40+00:00,pi2testbed,0.0,0.0,0.0,4,0,0,5341682,"61 days, 19:48",normal,normal
251,2023-04-12 18:26:50+00:00,pi2testbed,0.0,0.0,0.0,4,0,0,5341692,"61 days, 19:48",normal,normal
252,2023-04-12 18:27:00+00:00,pi2testbed,0.0,0.0,0.0,4,0,0,5341702,"61 days, 19:48",normal,normal
253,2023-04-12 18:27:10+00:00,pi2testbed,0.0,0.0,0.0,4,0,0,5341712,"61 days, 19:48",normal,normal
254,2023-04-12 18:27:20+00:00,pi2testbed,0.0,0.0,0.0,4,0,0,5341722,"61 days, 19:48",normal,normal
255,2023-04-12 18:27:30+00:00,pi2testbed,0.07,0.0,0.02,4,0,0,5341732,"61 days, 19:48",normal,normal
256,2023-04-12 18:27:40+00:00,pi2testbed,0.06,0.0,0.02,4,0,0,5341742,"61 days, 19:49",normal,normal
257,2023-04-12 18:27:50+00:00,pi2testbed,0.05,0.0,0.01,4,0,0,5341752,"61 days, 19:49",normal,normal
258,2023-04-12 18:28:00+00:00,pi2testbed,0.04,0.0,0.01,4,0,0,5341762,"61 days, 19:49",normal,normal
259,2023-04-12 18:28:10+00:00,pi2testbed,0.04,0.0,0.01,4,0,0,5341772,"61 days, 19:49",normal,normal
260,2023-04-12 18:28:20+00:00,pi2testbed,0.03,0.0,0.01,4,0,0,5341782,"61 days, 19:49",normal,normal
261,2023-04-12 18:28:30+00:00,pi2testbed,0.17,0.01,0.04,4,0,0,5341792,"61 days, 19:49",normal,normal
262,2023-04-12 18:28:40+00:00,pi2testbed,0.15,0.01,0.04,4,0,0,5341802,"61 days, 19:50",normal,normal
263,2023-04-12 18:28:50+00:00,pi2testbed,0.12,0.01,0.04,4,0,0,5341812,"61 days, 19:50",normal,normal
264,2023-04-12 18:29:00+00:00,pi2testbed,0.1,0.01,0.04,4,0,0,5341822,"61 days, 19:50",normal,normal
265,2023-04-12 18:29:10+00:00,pi2testbed,0.09,0.01,0.04,4,0,0,5341832,"61 days, 19:50",normal,normal
266,2023-04-12 18:29:20+00:00,pi2testbed,0.07,0.01,0.03,4,0,0,5341842,"61 days, 19:50",normal,normal
267,2023-04-12 18:29:30+00:00,pi2testbed,0.14,0.01,0.05,4,0,0,5341852,"61 days, 19:50",normal,normal
268,2023-04-12 18:29:40+00:00,pi2testbed,0.11,0.01,0.05,4,0,0,5341862,"61 days, 19:51",normal,normal
269,2023-04-12 18:29:50+00:00,pi2testbed,0.1,0.01,0.04,4,0,0,5341872,"61 days, 19:51",normal,normal
270,2023-04-12 18:30:00+00:00,pi2testbed,0.08,0.01,0.04,4,0,0,5341882,"61 days, 19:51",normal,normal
271,2023-04-12 18:30:10+00:00,pi2testbed,0.07,0.01,0.04,4,0,0,5341892,"61 days, 19:51",normal,normal
272,2023-04-12 18:30:20+00:00,pi2testbed,0.06,0.01,0.04,4,0,0,5341902,"61 days, 19:51",normal,normal
273,2023-04-12 18:30:30+00:00,pi2testbed,0.12,0.01,0.05,4,0,0,5341912,"61 days, 19:51",normal,normal
274,2023-04-12 18:30:40+00:00,pi2testbed,0.1,0.01,0.05,4,0,0,5341922,"61 days, 19:52",normal,normal
275,2023-04-12 18:30:50+00:00,pi2testbed,0.09,0.01,0.05,4,0,0,5341932,"61 days, 19:52",normal,normal
276,2023-04-12 18:31:00+00:00,pi2testbed,0.07,0.01,0.05,4,0,0,5341942,"61 days, 19:52",normal,normal
277,2023-04-12 18:31:10+00:00,pi2testbed,0.06,0.01,0.05,4,0,0,5341952,"61 days, 19:52",normal,normal
278,2023-04-12 18:31:20+00:00,pi2testbed,0.05,0.01,0.04,4,0,0,5341962,"61 days, 19:52",normal,normal
279,2023-04-12 18:31:30+00:00,pi2testbed,0.12,0.01,0.06,4,0,0,5341972,"61 days, 19:52",normal,normal
280,2023-04-12 18:31:40+00:00,pi2testbed,0.1,0.01,0.06,4,0,0,5341982,"61 days, 19:53",normal,normal
281,2023-04-12 18:31:50+00:00,pi2testbed,0.08,0.01,0.05,4,0,0,5341992,"61 days, 19:53",normal,normal
282,2023-04-12 18:32:00+00:00,pi2testbed,0.23,0.02,0.09,4,0,0,5342002,"61 days, 19:53",normal,normal
283,2023-04-12 18:32:10+00:00,pi2testbed,0.19,0.02,0.08,4,0,0,5342012,"61 days, 19:53",normal,normal
284,2023-04-12 18:32:20+00:00,pi2testbed,0.16,0.02,0.08,4,0,0,5342022,"61 days, 19:53",normal,normal
285,2023-04-12 18:32:30+00:00,pi2testbed,0.21,0.02,0.09,4,0,0,5342032,"61 days, 19:53",normal,normal
286,2023-04-12 18:32:40+00:00,pi2testbed,0.18,0.02,0.09,4,0,0,5342042,"61 days, 19:54",normal,normal
287,2023-04-12 18:32:50+00:00,pi2testbed,0.15,0.02,0.09,4,0,0,5342052,"61 days, 19:54",normal,normal
288,2023-04-12 18:33:00+00:00,pi2testbed,0.13,0.02,0.08,4,0,0,5342062,"61 days, 19:54",normal,normal
289,2023-04-12 18:33:10+00:00,pi2testbed,0.11,0.02,0.08,4,0,0,5342072,"61 days, 19:54",normal,normal
290,2023-04-12 18:33:20+00:00,pi2testbed,0.09,0.02,0.08,4,0,0,5342082,"61 days, 19:54",normal,normal
291,2023-04-12 18:33:30+00:00,pi2testbed,0.15,0.02,0.09,4,0,0,5342092,"61 days, 19:54",normal,normal
292,2023-04-12 18:33:40+00:00,pi2testbed,0.13,0.02,0.09,4,0,0,5342102,"61 days, 19:55",normal,normal
293,2023-04-12 18:33:50+00:00,pi2testbed,0.11,0.02,0.08,4,0,0,5342112,"61 days, 19:55",normal,normal
294,2023-04-12 18:34:00+00:00,pi2testbed,0.09,0.02,0.08,4,0,0,5342122,"61 days, 19:55",normal,normal
295,2023-04-12 18:34:10+00:00,pi2testbed,0.15,0.02,0.1,4,0,0,5342132,"61 days, 19:55",normal,normal
296,2023-04-12 18:34:20+00:00,pi2testbed,0.13,0.02,0.09,4,0,0,5342142,"61 days, 19:55",normal,normal
297,2023-04-12 18:34:30+00:00,pi2testbed,0.18,0.03,0.1,4,0,0,5342152,"61 days, 19:55",normal,normal
298,2023-04-12 18:34:40+00:00,pi2testbed,0.15,0.03,0.1,4,0,0,5342162,"61 days, 19:56",normal,normal
299,2023-04-12 18:34:50+00:00,pi2testbed,0.13,0.03,0.1,4,0,0,5342172,"61 days, 19:56",normal,normal
300,2023-04-12 18:35:00+00:00,pi2testbed,0.11,0.02,0.09,4,0,0,5342182,"61 days, 19:56",normal,normal
301,2023-04-12 18:35:10+00:00,pi2testbed,0.09,0.02,0.09,4,0,0,5342192,"61 days, 19:56",normal,normal
302,2023-04-12 18:35:20+00:00,pi2testbed,0.08,0.02,0.09,4,0,0,5342202,"61 days, 19:56",normal,normal
303,2023-04-12 18:35:30+00:00,pi2testbed,0.14,0.03,0.1,4,0,0,5342212,"61 days, 19:56",normal,normal
304,2023-04-12 18:35:40+00:00,pi2testbed,0.12,0.03,0.1,4,0,0,5342222,"61 days, 19:57",normal,normal
305,2023-04-12 18:35:50+00:00,pi2testbed,0.1,0.03,0.09,4,0,0,5342232,"61 days, 19:57",normal,normal
306,2023-04-12 18:36:00+00:00,pi2testbed,0.08,0.02,0.09,4,0,0,5342242,"61 days, 19:57",normal,normal
307,2023-04-12 18:36:10+00:00,pi2testbed,0.07,0.02,0.08,4,0,0,5342252,"61 days, 19:57",normal,normal
308,2023-04-12 18:36:20+00:00,pi2testbed,0.06,0.02,0.08,4,0,0,5342262,"61 days, 19:57",normal,normal
309,2023-04-12 18:36:30+00:00,pi2testbed,0.05,0.02,0.08,4,0,0,5342272,"61 days, 19:57",normal,normal
310,2023-04-12 18:36:40+00:00,pi2testbed,0.04,0.02,0.08,4,0,0,5342282,"61 days, 19:58",normal,normal
311,2023-04-12 18:36:50+00:00,pi2testbed,0.03,0.02,0.07,4,0,0,5342292,"61 days, 19:58",normal,normal
312,2023-04-12 18:37:00+00:00,pi2testbed,0.03,0.02,0.07,4,0,0,5342302,"61 days, 19:58",normal,normal
313,2023-04-12 18:37:10+00:00,pi2testbed,0.02,0.02,0.07,4,0,0,5342312,"61 days, 19:58",normal,normal
314,2023-04-12 18:37:20+00:00,pi2testbed,0.02,0.02,0.06,4,0,0,5342322,"61 days, 19:58",normal,normal
315,2023-04-12 18:37:30+00:00,pi2testbed,0.02,0.02,0.06,4,0,0,5342332,"61 days, 19:58",normal,normal
316,2023-04-12 18:37:40+00:00,pi2testbed,0.01,0.01,0.06,4,0,0,5342342,"61 days, 19:59",normal,normal
317,2023-04-12 18:37:50+00:00,pi2testbed,0.01,0.01,0.06,4,0,0,5342352,"61 days, 19:59",normal,normal
318,2023-04-12 18:38:00+00:00,pi2testbed,0.01,0.01,0.05,4,0,0,5342362,"61 days, 19:59",normal,normal
319,2023-04-12 18:38:10+00:00,pi2testbed,0.01,0.01,0.05,4,0,0,5342372,"61 days, 19:59",normal,normal
320,2023-04-12 18:38:20+00:00,pi2testbed,0.01,0.01,0.05,4,0,0,5342382,"61 days, 19:59",normal,normal
321,2023-04-12 18:38:30+00:00,pi2testbed,0.0,0.01,0.05,4,0,0,5342392,"61 days, 19:59",normal,normal
322,2023-04-12 18:38:40+00:00,pi2testbed,0.0,0.01,0.05,4,0,0,5342402,"61 days, 20:00",normal,normal
323,2023-04-12 18:38:50+00:00,pi2testbed,0.0,0.01,0.04,4,0,0,5342412,"61 days, 20:00",normal,normal
324,2023-04-12 18:39:00+00:00,pi2testbed,0.0,0.01,0.04,4,0,0,5342422,"61 days, 20:00",normal,normal
325,2023-04-12 18:39:10+00:00,pi2testbed,0.0,0.01,0.04,4,0,0,5342432,"61 days, 20:00",normal,normal
326,2023-04-12 18:39:20+00:00,pi2testbed,0.0,0.0,0.04,4,0,0,5342442,"61 days, 20:00",normal,normal
327,2023-04-12 18:39:30+00:00,pi2testbed,0.0,0.0,0.04,4,0,0,5342452,"61 days, 20:00",normal,normal
328,2023-04-12 18:39:40+00:00,pi2testbed,0.0,0.0,0.03,4,0,0,5342462,"61 days, 20:01",normal,normal
329,2023-04-12 18:39:50+00:00,pi2testbed,0.0,0.0,0.03,4,0,0,5342472,"61 days, 20:01",normal,normal
330,2023-04-12 18:40:00+00:00,pi2testbed,0.0,0.0,0.03,4,0,0,5342482,"61 days, 20:01",normal,normal
331,2023-04-12 18:40:10+00:00,pi2testbed,0.0,0.0,0.03,4,0,0,5342492,"61 days, 20:01",normal,normal
332,2023-04-12 18:40:20+00:00,pi2testbed,0.0,0.0,0.03,4,0,0,5342502,"61 days, 20:01",normal,normal
333,2023-04-12 18:40:30+00:00,pi2testbed,0.0,0.0,0.03,4,0,0,5342512,"61 days, 20:01",normal,normal
334,2023-04-12 18:40:40+00:00,pi2testbed,0.0,0.0,0.03,4,0,0,5342522,"61 days, 20:02",normal,normal
335,2023-04-12 18:40:50+00:00,pi2testbed,0.0,0.0,0.02,4,0,0,5342532,"61 days, 20:02",normal,normal
336,2023-04-12 18:41:00+00:00,pi2testbed,0.0,0.0,0.02,4,0,0,5342542,"61 days, 20:02",normal,normal
337,2023-04-12 18:41:10+00:00,pi2testbed,0.0,0.0,0.02,4,0,0,5342552,"61 days, 20:02",normal,normal
338,2023-04-12 18:41:20+00:00,pi2testbed,0.0,0.0,0.02,4,0,0,5342562,"61 days, 20:02",normal,normal
339,2023-04-12 18:41:30+00:00,pi2testbed,0.0,0.0,0.02,4,0,0,5342572,"61 days, 20:02",normal,normal
340,2023-04-12 18:41:40+00:00,pi2testbed,0.0,0.0,0.02,4,0,0,5342582,"61 days, 20:03",normal,normal
341,2023-04-12 18:41:50+00:00,pi2testbed,0.0,0.0,0.02,4,0,0,5342592,"61 days, 20:03",normal,normal
342,2023-04-12 18:42:00+00:00,pi2testbed,0.0,0.0,0.02,4,0,0,5342602,"61 days, 20:03",normal,normal
343,2023-04-12 18:42:10+00:00,pi2testbed,0.0,0.0,0.02,4,0,0,5342612,"61 days, 20:03",normal,normal
344,2023-04-12 18:42:20+00:00,pi2testbed,0.0,0.0,0.02,4,0,0,5342622,"61 days, 20:03",normal,normal
345,2023-04-12 18:42:30+00:00,pi2testbed,0.0,0.0,0.02,4,0,0,5342632,"61 days, 20:03",normal,normal
346,2023-04-12 18:42:40+00:00,pi2testbed,0.0,0.0,0.01,4,0,0,5342642,"61 days, 20:04",normal,normal
347,2023-04-12 18:42:50+00:00,pi2testbed,0.0,0.0,0.01,4,0,0,5342652,"61 days, 20:04",normal,normal
348,2023-04-12 18:43:00+00:00,pi2testbed,0.0,0.0,0.01,4,0,0,5342662,"61 days, 20:04",normal,normal
349,2023-04-12 18:43:10+00:00,pi2testbed,0.0,0.0,0.01,4,0,0,5342672,"61 days, 20:04",normal,normal
350,2023-04-12 18:43:20+00:00,pi2testbed,0.0,0.0,0.01,4,0,0,5342682,"61 days, 20:04",normal,normal
351,2023-04-12 18:43:30+00:00,pi2testbed,0.0,0.0,0.01,4,0,0,5342692,"61 days, 20:04",normal,normal
352,2023-04-12 18:43:40+00:00,pi2testbed,0.0,0.0,0.01,4,0,0,5342702,"61 days, 20:05",normal,normal
353,2023-04-12 18:43:50+00:00,pi2testbed,0.0,0.0,0.01,4,0,0,5342712,"61 days, 20:05",normal,normal
354,2023-04-12 18:44:00+00:00,pi2testbed,0.0,0.0,0.01,4,0,0,5342722,"61 days, 20:05",normal,normal
355,2023-04-12 18:44:10+00:00,pi2testbed,0.0,0.0,0.01,4,0,0,5342732,"61 days, 20:05",normal,normal
356,2023-04-12 18:44:20+00:00,pi2testbed,0.0,0.0,0.0,4,0,0,5342742,"61 days, 20:05",normal,normal
357,2023-04-12 18:44:30+00:00,pi2testbed,0.0,0.0,0.0,4,0,0,5342752,"61 days, 20:05",normal,normal
358,2023-04-12 18:44:40+00:00,pi2testbed,0.0,0.0,0.0,4,0,0,5342762,"61 days, 20:06",normal,normal
359,2023-04-12 18:44:50+00:00,pi2testbed,0.0,0.0,0.0,4,0,0,5342772,"61 days, 20:06",normal,normal
360,2023-04-12 18:50:00+00:00,pi2testbed,0.0,0.0,0.0,4,0,0,5343082,"61 days, 20:11",attack,x1_speedup
361,2023-04-12 18:50:10+00:00,pi2testbed,0.0,0.0,0.0,4,0,0,5343092,"61 days, 20:11",attack,x1_speedup
362,2023-04-12 18:50:20+00:00,pi2testbed,0.0,0.0,0.0,4,0,0,5343102,"61 days, 20:11",attack,x1_speedup
363,2023-04-12 18:50:30+00:00,pi2testbed,1.76,0.12,0.37,4,0,0,5343112,"61 days, 20:11",attack,x1_speedup
364,2023-04-12 18:50:40+00:00,pi2testbed,4.87,0.35,1.08,4,0,0,5343122,"61 days, 20:12",attack,x1_speedup
365,2023-04-12 18:50:50+00:00,pi2testbed,5.75,0.47,1.4,4,0,0,5343132,"61 days, 20:12",attack,x1_speedup
366,2023-04-12 18:51:00+00:00,pi2testbed,4.86,0.46,1.36,4,0,0,5343142,"61 days, 20:12",attack,x1_speedup
367,2023-04-12 18:51:10+00:00,pi2testbed,4.11,0.45,1.31,4,0,0,5343152,"61 days, 20:12",attack,x1_speedup
368,2023-04-12 18:51:20+00:00,pi2testbed,3.48,0.45,1.27,4,0,0,5343162,"61 days, 20:12",attack,x1_speedup
369,2023-04-12 18:51:30+00:00,pi2testbed,3.2,0.45,1.25,4,0,0,5343172,"61 days, 20:12",attack,x1_speedup
370,2023-04-12 18:51:40+00:00,pi2testbed,2.71,0.44,1.2,4,0,0,5343182,"61 days, 20:13",attack,x1_speedup
371,2023-04-12 18:51:50+00:00,pi2testbed,2.29,0.44,1.16,4,0,0,5343192,"61 days, 20:13",attack,x1_speedup
372,2023-04-12 18:52:00+00:00,pi2testbed,1.94,0.43,1.12,4,0,0,5343202,"61 days, 20:13",attack,x1_speedup
373,2023-04-12 18:52:10+00:00,pi2testbed,1.64,0.43,1.09,4,0,0,5343212,"61 days, 20:13",attack,x1_speedup
374,2023-04-12 18:52:20+00:00,pi2testbed,1.39,0.42,1.05,4,0,0,5343222,"61 days, 20:13",attack,x1_speedup
375,2023-04-12 18:52:30+00:00,pi2testbed,1.47,0.44,1.08,4,0,0,5343232,"61 days, 20:13",attack,x1_speedup
376,2023-04-12 18:52:40+00:00,pi2testbed,1.47,0.45,1.1,4,0,0,5343242,"61 days, 20:14",attack,x1_speedup
377,2023-04-12 18:52:50+00:00,pi2testbed,1.32,0.45,1.08,4,0,0,5343252,"61 days, 20:14",attack,x1_speedup
378,2023-04-12 18:53:00+00:00,pi2testbed,1.26,0.46,1.07,4,0,0,5343262,"61 days, 20:14",attack,x1_speedup
379,2023-04-12 18:53:10+00:00,pi2testbed,1.14,0.46,1.05,4,0,0,5343272,"61 days, 20:14",attack,x1_speedup
380,2023-04-12 18:53:20+00:00,pi2testbed,1.04,0.46,1.03,4,0,0,5343282,"61 days, 20:14",attack,x1_speedup
381,2023-04-12 18:53:30+00:00,pi2testbed,0.95,0.46,1.02,4,0,0,5343292,"61 days, 20:14",attack,x1_speedup
382,2023-04-12 18:53:40+00:00,pi2testbed,0.88,0.46,1.0,4,0,0,5343302,"61 days, 20:15",attack,x1_speedup
383,2023-04-12 18:53:50+00:00,pi2testbed,0.89,0.46,1.0,4,0,0,5343312,"61 days, 20:15",attack,x1_speedup
384,2023-04-12 18:54:00+00:00,pi2testbed,0.83,0.46,0.98,4,0,0,5343322,"61 days, 20:15",attack,x1_speedup
385,2023-04-12 18:54:10+00:00,pi2testbed,0.77,0.46,0.97,4,0,0,5343332,"61 days, 20:15",attack,x1_speedup
386,2023-04-12 18:54:20+00:00,pi2testbed,0.65,0.46,0.93,4,0,0,5343342,"61 days, 20:15",attack,x1_speedup
387,2023-04-12 18:54:30+00:00,pi2testbed,0.55,0.45,0.9,4,0,0,5343352,"61 days, 20:15",attack,x1_speedup
388,2023-04-12 18:54:40+00:00,pi2testbed,0.47,0.45,0.87,4,0,0,5343362,"61 days, 20:16",attack,x1_speedup
389,2023-04-12 18:54:50+00:00,pi2testbed,0.4,0.44,0.84,4,0,0,5343372,"61 days, 20:16",attack,x1_speedup
390,2023-04-12 18:55:00+00:00,pi2testbed,0.33,0.44,0.81,4,0,0,5343382,"61 days, 20:16",attack,x1_speedup
391,2023-04-12 18:55:10+00:00,pi2testbed,0.28,0.43,0.79,4,0,0,5343392,"61 days, 20:16",attack,x1_speedup
392,2023-04-12 18:55:20+00:00,pi2testbed,0.24,0.43,0.76,4,0,0,5343402,"61 days, 20:16",attack,x1_speedup
393,2023-04-12 18:55:30+00:00,pi2testbed,0.2,0.42,0.74,4,0,0,5343412,"61 days, 20:16",attack,x1_speedup
394,2023-04-12 18:55:40+00:00,pi2testbed,0.17,0.42,0.71,4,0,0,5343422,"61 days, 20:17",attack,x1_speedup
395,2023-04-12 18:55:50+00:00,pi2testbed,0.14,0.41,0.69,4,0,0,5343432,"61 days, 20:17",attack,x1_speedup
396,2023-04-12 18:56:00+00:00,pi2testbed,0.12,0.41,0.66,4,0,0,5343442,"61 days, 20:17",attack,x1_speedup
397,2023-04-12 18:56:10+00:00,pi2testbed,0.1,0.4,0.64,4,0,0,5343452,"61 days, 20:17",attack,x1_speedup
398,2023-04-12 18:56:20+00:00,pi2testbed,0.09,0.4,0.62,4,0,0,5343462,"61 days, 20:17",attack,x1_speedup
399,2023-04-12 18:56:30+00:00,pi2testbed,0.07,0.39,0.6,4,0,0,5343472,"61 days, 20:17",attack,x1_speedup
400,2023-04-12 18:56:40+00:00,pi2testbed,0.06,0.39,0.58,4,0,0,5343482,"61 days, 20:18",attack,x1_speedup
401,2023-04-12 18:56:50+00:00,pi2testbed,0.13,0.39,0.58,4,0,0,5343492,"61 days, 20:18",attack,x1_speedup
402,2023-04-12 18:57:00+00:00,pi2testbed,0.11,0.38,0.56,4,0,0,5343502,"61 days, 20:18",attack,x1_speedup
403,2023-04-12 18:57:10+00:00,pi2testbed,0.09,0.38,0.54,4,0,0,5343512,"61 days, 20:18",attack,x1_speedup
404,2023-04-12 18:57:20+00:00,pi2testbed,0.08,0.37,0.52,4,0,0,5343522,"61 days, 20:18",attack,x1_speedup
405,2023-04-12 18:57:30+00:00,pi2testbed,0.07,0.37,0.5,4,0,0,5343532,"61 days, 20:18",attack,x1_speedup
406,2023-04-12 18:57:40+00:00,pi2testbed,0.06,0.37,0.48,4,0,0,5343542,"61 days, 20:19",attack,x1_speedup
407,2023-04-12 18:57:50+00:00,pi2testbed,0.05,0.36,0.47,4,0,0,5343552,"61 days, 20:19",attack,x1_speedup
408,2023-04-12 18:58:00+00:00,pi2testbed,0.04,0.36,0.45,4,0,0,5343562,"61 days, 20:19",attack,x1_speedup
409,2023-04-12 18:58:10+00:00,pi2testbed,0.03,0.35,0.44,4,0,0,5343572,"61 days, 20:19",attack,x1_speedup
410,2023-04-12 18:58:20+00:00,pi2testbed,0.03,0.35,0.42,4,0,0,5343582,"61 days, 20:19",attack,x1_speedup
411,2023-04-12 18:58:30+00:00,pi2testbed,0.02,0.35,0.41,4,0,0,5343592,"61 days, 20:19",attack,x1_speedup
412,2023-04-12 18:58:40+00:00,pi2testbed,0.02,0.34,0.39,4,0,0,5343602,"61 days, 20:20",attack,x1_speedup
413,2023-04-12 18:58:50+00:00,pi2testbed,0.02,0.34,0.38,4,0,0,5343612,"61 days, 20:20",attack,x1_speedup
414,2023-04-12 18:59:00+00:00,pi2testbed,0.01,0.33,0.37,4,0,0,5343622,"61 days, 20:20",attack,x1_speedup
415,2023-04-12 18:59:10+00:00,pi2testbed,0.01,0.33,0.35,4,0,0,5343632,"61 days, 20:20",attack,x1_speedup
416,2023-04-12 18:59:20+00:00,pi2testbed,0.01,0.33,0.34,4,0,0,5343642,"61 days, 20:20",attack,x1_speedup
417,2023-04-12 18:59:30+00:00,pi2testbed,0.01,0.32,0.33,4,0,0,5343652,"61 days, 20:20",attack,x1_speedup
418,2023-04-12 18:59:40+00:00,pi2testbed,0.0,0.32,0.32,4,0,0,5343662,"61 days, 20:21",attack,x1_speedup
419,2023-04-12 18:59:50+00:00,pi2testbed,0.0,0.31,0.31,4,0,0,5343672,"61 days, 20:21",attack,x1_speedup
420,2023-04-12 19:00:00+00:00,pi2testbed,0.0,0.31,0.3,4,0,0,5343682,"61 days, 20:21",attack,x1_speedup
421,2023-04-12 19:00:10+00:00,pi2testbed,0.0,0.31,0.29,4,0,0,5343692,"61 days, 20:21",attack,x1_speedup
422,2023-04-12 19:00:20+00:00,pi2testbed,0.0,0.3,0.28,4,0,0,5343702,"61 days, 20:21",attack,x1_speedup
423,2023-04-12 19:00:30+00:00,pi2testbed,0.0,0.3,0.27,4,0,0,5343712,"61 days, 20:21",attack,x1_speedup
424,2023-04-12 19:00:40+00:00,pi2testbed,0.0,0.29,0.26,4,0,0,5343722,"61 days, 20:22",attack,x1_speedup
425,2023-04-12 19:00:50+00:00,pi2testbed,0.0,0.29,0.25,4,0,0,5343732,"61 days, 20:22",attack,x1_speedup
426,2023-04-12 19:01:00+00:00,pi2testbed,0.0,0.29,0.24,4,0,0,5343742,"61 days, 20:22",attack,x1_speedup
427,2023-04-12 19:01:10+00:00,pi2testbed,0.0,0.28,0.23,4,0,0,5343752,"61 days, 20:22",attack,x1_speedup
428,2023-04-12 19:01:20+00:00,pi2testbed,0.0,0.28,0.22,4,0,0,5343762,"61 days, 20:22",attack,x1_speedup
429,2023-04-12 19:01:30+00:00,pi2testbed,0.0,0.27,0.22,4,0,0,5343772,"61 days, 20:22",attack,x1_speedup
430,2023-04-12 19:01:40+00:00,pi2testbed,0.0,0.27,0.21,4,0,0,5343782,"61 days, 20:23",attack,x1_speedup
431,2023-04-12 19:01:50+00:00,pi2testbed,0.0,0.27,0.2,4,0,0,5343792,"61 days, 20:23",attack,x1_speedup
432,2023-04-12 19:02:00+00:00,pi2testbed,0.0,0.27,0.19,4,0,0,5343802,"61 days, 20:23",attack,x1_speedup
433,2023-04-12 19:02:10+00:00,pi2testbed,0.0,0.26,0.19,4,0,0,5343812,"61 days, 20:23",attack,x1_speedup
434,2023-04-12 19:02:20+00:00,pi2testbed,0.0,0.26,0.18,4,0,0,5343822,"61 days, 20:23",attack,x1_speedup
435,2023-04-12 19:02:30+00:00,pi2testbed,0.0,0.26,0.17,4,0,0,5343832,"61 days, 20:23",attack,x1_speedup
436,2023-04-12 19:02:40+00:00,pi2testbed,0.0,0.25,0.17,4,0,0,5343842,"61 days, 20:24",attack,x1_speedup
437,2023-04-12 19:02:50+00:00,pi2testbed,0.0,0.25,0.16,4,0,0,5343852,"61 days, 20:24",attack,x1_speedup
438,2023-04-12 19:03:00+00:00,pi2testbed,0.0,0.25,0.16,4,0,0,5343862,"61 days, 20:24",attack,x1_speedup
439,2023-04-12 19:03:10+00:00,pi2testbed,0.0,0.24,0.15,4,0,0,5343872,"61 days, 20:24",attack,x1_speedup
440,2023-04-12 19:03:20+00:00,pi2testbed,0.0,0.24,0.14,4,0,0,5343882,"61 days, 20:24",attack,x1_speedup
441,2023-04-12 19:03:30+00:00,pi2testbed,0.0,0.24,0.14,4,0,0,5343892,"61 days, 20:24",attack,x1_speedup
442,2023-04-12 19:03:40+00:00,pi2testbed,0.0,0.24,0.14,4,0,0,5343902,"61 days, 20:25",attack,x1_speedup
443,2023-04-12 19:03:50+00:00,pi2testbed,0.0,0.23,0.13,4,0,0,5343912,"61 days, 20:25",attack,x1_speedup
444,2023-04-12 19:04:00+00:00,pi2testbed,0.0,0.23,0.13,4,0,0,5343922,"61 days, 20:25",attack,x1_speedup
445,2023-04-12 19:04:10+00:00,pi2testbed,0.0,0.23,0.12,4,0,0,5343932,"61 days, 20:25",attack,x1_speedup
446,2023-04-12 19:04:20+00:00,pi2testbed,0.0,0.22,0.12,4,0,0,5343942,"61 days, 20:25",attack,x1_speedup
447,2023-04-12 19:04:30+00:00,pi2testbed,0.0,0.22,0.11,4,0,0,5343952,"61 days, 20:25",attack,x1_speedup
448,2023-04-12 19:04:40+00:00,pi2testbed,0.0,0.22,0.11,4,0,0,5343962,"61 days, 20:26",attack,x1_speedup
449,2023-04-12 19:04:50+00:00,pi2testbed,0.0,0.22,0.1,4,0,0,5343972,"61 days, 20:26",attack,x1_speedup
450,2023-04-12 19:05:00+00:00,pi2testbed,0.0,0.21,0.1,4,0,0,5343982,"61 days, 20:26",attack,x1_speedup
451,2023-04-12 19:05:10+00:00,pi2testbed,0.0,0.21,0.1,4,0,0,5343992,"61 days, 20:26",attack,x1_speedup
452,2023-04-12 19:05:20+00:00,pi2testbed,0.0,0.21,0.09,4,0,0,5344002,"61 days, 20:26",attack,x1_speedup
453,2023-04-12 19:05:30+00:00,pi2testbed,0.0,0.2,0.09,4,0,0,5344012,"61 days, 20:26",attack,x1_speedup
454,2023-04-12 19:05:40+00:00,pi2testbed,0.0,0.2,0.08,4,0,0,5344022,"61 days, 20:27",attack,x1_speedup
455,2023-04-12 19:05:50+00:00,pi2testbed,0.0,0.2,0.08,4,0,0,5344032,"61 days, 20:27",attack,x1_speedup
456,2023-04-12 19:06:00+00:00,pi2testbed,0.0,0.19,0.08,4,0,0,5344042,"61 days, 20:27",attack,x1_speedup
457,2023-04-12 19:06:10+00:00,pi2testbed,0.0,0.19,0.08,4,0,0,5344052,"61 days, 20:27",attack,x1_speedup
458,2023-04-12 19:06:20+00:00,pi2testbed,0.0,0.19,0.07,4,0,0,5344062,"61 days, 20:27",attack,x1_speedup
459,2023-04-12 19:06:30+00:00,pi2testbed,0.0,0.19,0.07,4,0,0,5344072,"61 days, 20:27",attack,x1_speedup
460,2023-04-12 19:06:40+00:00,pi2testbed,0.0,0.18,0.07,4,0,0,5344082,"61 days, 20:28",attack,x1_speedup
461,2023-04-12 19:06:50+00:00,pi2testbed,0.0,0.18,0.06,4,0,0,5344092,"61 days, 20:28",attack,x1_speedup
462,2023-04-12 19:07:00+00:00,pi2testbed,0.0,0.18,0.06,4,0,0,5344102,"61 days, 20:28",attack,x1_speedup
463,2023-04-12 19:07:10+00:00,pi2testbed,0.0,0.18,0.06,4,0,0,5344112,"61 days, 20:28",attack,x1_speedup
464,2023-04-12 19:07:20+00:00,pi2testbed,0.0,0.17,0.06,4,0,0,5344122,"61 days, 20:28",attack,x1_speedup
465,2023-04-12 19:07:30+00:00,pi2testbed,0.0,0.17,0.05,4,0,0,5344132,"61 days, 20:28",attack,x1_speedup
466,2023-04-12 19:07:40+00:00,pi2testbed,0.0,0.17,0.05,4,0,0,5344142,"61 days, 20:29",attack,x1_speedup
467,2023-04-12 19:07:50+00:00,pi2testbed,0.0,0.17,0.05,4,0,0,5344152,"61 days, 20:29",attack,x1_speedup
468,2023-04-12 19:08:00+00:00,pi2testbed,0.0,0.17,0.05,4,0,0,5344162,"61 days, 20:29",attack,x1_speedup
469,2023-04-12 19:08:10+00:00,pi2testbed,0.0,0.16,0.05,4,0,0,5344172,"61 days, 20:29",attack,x1_speedup
470,2023-04-12 19:08:20+00:00,pi2testbed,0.0,0.16,0.04,4,0,0,5344182,"61 days, 20:29",attack,x1_speedup
471,2023-04-12 19:08:30+00:00,pi2testbed,0.0,0.16,0.04,4,0,0,5344192,"61 days, 20:29",attack,x1_speedup
472,2023-04-12 19:08:40+00:00,pi2testbed,0.0,0.16,0.04,4,0,0,5344202,"61 days, 20:30",attack,x1_speedup
473,2023-04-12 19:08:50+00:00,pi2testbed,0.0,0.16,0.04,4,0,0,5344212,"61 days, 20:30",attack,x1_speedup
474,2023-04-12 19:09:00+00:00,pi2testbed,0.0,0.16,0.04,4,0,0,5344222,"61 days, 20:30",attack,x1_speedup
475,2023-04-12 19:09:10+00:00,pi2testbed,0.0,0.15,0.04,4,0,0,5344232,"61 days, 20:30",attack,x1_speedup
476,2023-04-12 19:09:20+00:00,pi2testbed,0.0,0.15,0.03,4,0,0,5344242,"61 days, 20:30",attack,x1_speedup
477,2023-04-12 19:09:30+00:00,pi2testbed,0.0,0.15,0.03,4,0,0,5344252,"61 days, 20:30",attack,x1_speedup
478,2023-04-12 19:09:40+00:00,pi2testbed,0.0,0.15,0.03,4,0,0,5344262,"61 days, 20:31",attack,x1_speedup
479,2023-04-12 19:09:50+00:00,pi2testbed,0.0,0.15,0.03,4,0,0,5344272,"61 days, 20:31",attack,x1_speedup
480,2023-04-12 19:10:00+00:00,pi2testbed,0.0,0.14,0.03,4,0,0,5344282,"61 days, 20:31",attack,x1_speedup
481,2023-04-12 19:10:10+00:00,pi2testbed,0.0,0.14,0.03,4,0,0,5344292,"61 days, 20:31",attack,x1_speedup
482,2023-04-12 19:10:20+00:00,pi2testbed,0.0,0.14,0.03,4,0,0,5344302,"61 days, 20:31",attack,x1_speedup
483,2023-04-12 19:10:30+00:00,pi2testbed,0.0,0.14,0.02,4,0,0,5344312,"61 days, 20:31",attack,x1_speedup
484,2023-04-12 19:10:40+00:00,pi2testbed,0.0,0.14,0.02,4,0,0,5344322,"61 days, 20:32",attack,x1_speedup
485,2023-04-12 19:10:50+00:00,pi2testbed,0.0,0.13,0.02,4,0,0,5344332,"61 days, 20:32",attack,x1_speedup
486,2023-04-12 19:11:00+00:00,pi2testbed,0.0,0.13,0.02,4,0,0,5344342,"61 days, 20:32",attack,x1_speedup
487,2023-04-12 19:11:10+00:00,pi2testbed,0.0,0.13,0.02,4,0,0,5344352,"61 days, 20:32",attack,x1_speedup
488,2023-04-12 19:11:20+00:00,pi2testbed,0.0,0.13,0.02,4,0,0,5344362,"61 days, 20:32",attack,x1_speedup
489,2023-04-12 19:11:30+00:00,pi2testbed,0.0,0.13,0.02,4,0,0,5344372,"61 days, 20:32",attack,x1_speedup
490,2023-04-12 19:11:40+00:00,pi2testbed,0.0,0.12,0.02,4,0,0,5344382,"61 days, 20:33",attack,x1_speedup
491,2023-04-12 19:11:50+00:00,pi2testbed,0.0,0.12,0.02,4,0,0,5344392,"61 days, 20:33",attack,x1_speedup
492,2023-04-12 19:12:00+00:00,pi2testbed,0.0,0.12,0.02,4,0,0,5344402,"61 days, 20:33",attack,x1_speedup
493,2023-04-12 19:12:10+00:00,pi2testbed,0.0,0.12,0.01,4,0,0,5344412,"61 days, 20:33",attack,x1_speedup
494,2023-04-12 19:12:20+00:00,pi2testbed,0.0,0.12,0.01,4,0,0,5344422,"61 days, 20:33",attack,x1_speedup
495,2023-04-12 19:12:30+00:00,pi2testbed,0.0,0.11,0.01,4,0,0,5344432,"61 days, 20:33",attack,x1_speedup
496,2023-04-12 19:12:40+00:00,pi2testbed,0.0,0.11,0.01,4,0,0,5344442,"61 days, 20:34",attack,x1_speedup
497,2023-04-12 19:12:50+00:00,pi2testbed,0.0,0.11,0.01,4,0,0,5344452,"61 days, 20:34",attack,x1_speedup
498,2023-04-12 19:13:00+00:00,pi2testbed,0.0,0.11,0.01,4,0,0,5344462,"61 days, 20:34",attack,x1_speedup
499,2023-04-12 19:13:10+00:00,pi2testbed,0.0,0.11,0.01,4,0,0,5344472,"61 days, 20:34",attack,x1_speedup
500,2023-04-12 19:13:20+00:00,pi2testbed,0.0,0.1,0.01,4,0,0,5344482,"61 days, 20:34",attack,x1_speedup
501,2023-04-12 19:13:30+00:00,pi2testbed,0.0,0.1,0.01,4,0,0,5344492,"61 days, 20:34",attack,x1_speedup
502,2023-04-12 19:13:40+00:00,pi2testbed,0.0,0.1,0.01,4,0,0,5344502,"61 days, 20:35",attack,x1_speedup
503,2023-04-12 19:13:50+00:00,pi2testbed,0.0,0.1,0.0,4,0,0,5344512,"61 days, 20:35",attack,x1_speedup
504,2023-04-12 19:14:00+00:00,pi2testbed,0.0,0.1,0.0,4,0,0,5344522,"61 days, 20:35",attack,x1_speedup
505,2023-04-12 19:14:10+00:00,pi2testbed,0.0,0.09,0.0,4,0,0,5344532,"61 days, 20:35",attack,x1_speedup
506,2023-04-12 19:14:20+00:00,pi2testbed,0.0,0.09,0.0,4,0,0,5344542,"61 days, 20:35",attack,x1_speedup
507,2023-04-12 19:14:30+00:00,pi2testbed,0.0,0.09,0.0,4,0,0,5344552,"61 days, 20:35",attack,x1_speedup
508,2023-04-12 19:14:40+00:00,pi2testbed,0.0,0.09,0.0,4,0,0,5344562,"61 days, 20:36",attack,x1_speedup
509,2023-04-12 19:14:50+00:00,pi2testbed,0.0,0.09,0.0,4,0,0,5344572,"61 days, 20:36",attack,x1_speedup
510,2023-04-12 19:15:00+00:00,pi2testbed,0.0,0.09,0.0,4,0,0,5344582,"61 days, 20:36",attack,x1_speedup
511,2023-04-12 19:15:10+00:00,pi2testbed,0.0,0.09,0.0,4,0,0,5344592,"61 days, 20:36",attack,x1_speedup
512,2023-04-12 19:15:20+00:00,pi2testbed,0.0,0.09,0.0,4,0,0,5344602,"61 days, 20:36",attack,x1_speedup
513,2023-04-12 19:15:30+00:00,pi2testbed,0.0,0.08,0.0,4,0,0,5344612,"61 days, 20:36",attack,x1_speedup
514,2023-04-12 19:15:40+00:00,pi2testbed,0.0,0.08,0.0,4,0,0,5344622,"61 days, 20:37",attack,x1_speedup
515,2023-04-12 19:15:50+00:00,pi2testbed,0.0,0.08,0.0,4,0,0,5344632,"61 days, 20:37",attack,x1_speedup
516,2023-04-12 19:16:00+00:00,pi2testbed,0.0,0.08,0.0,4,0,0,5344642,"61 days, 20:37",attack,x1_speedup
517,2023-04-12 19:16:10+00:00,pi2testbed,0.0,0.08,0.0,4,0,0,5344652,"61 days, 20:37",attack,x1_speedup
518,2023-04-12 19:16:20+00:00,pi2testbed,0.0,0.08,0.0,4,0,0,5344662,"61 days, 20:37",attack,x1_speedup
519,2023-04-12 19:16:30+00:00,pi2testbed,0.0,0.08,0.0,4,0,0,5344672,"61 days, 20:37",attack,x1_speedup
520,2023-04-12 19:16:40+00:00,pi2testbed,0.0,0.08,0.0,4,0,0,5344682,"61 days, 20:38",attack,x1_speedup
521,2023-04-12 19:16:50+00:00,pi2testbed,0.0,0.08,0.0,4,0,0,5344692,"61 days, 20:38",attack,x1_speedup
522,2023-04-12 19:17:00+00:00,pi2testbed,0.0,0.08,0.0,4,0,0,5344702,"61 days, 20:38",attack,x1_speedup
523,2023-04-12 19:17:10+00:00,pi2testbed,0.0,0.08,0.0,4,0,0,5344712,"61 days, 20:38",attack,x1_speedup
524,2023-04-12 19:17:20+00:00,pi2testbed,0.0,0.07,0.0,4,0,0,5344722,"61 days, 20:38",attack,x1_speedup
525,2023-04-12 19:17:30+00:00,pi2testbed,0.0,0.07,0.0,4,0,0,5344732,"61 days, 20:38",attack,x1_speedup
526,2023-04-12 19:17:40+00:00,pi2testbed,0.0,0.07,0.0,4,0,0,5344742,"61 days, 20:39",attack,x1_speedup
527,2023-04-12 19:17:50+00:00,pi2testbed,0.0,0.07,0.0,4,0,0,5344752,"61 days, 20:39",attack,x1_speedup
528,2023-04-12 19:18:00+00:00,pi2testbed,0.0,0.07,0.0,4,0,0,5344762,"61 days, 20:39",attack,x1_speedup
529,2023-04-12 19:18:10+00:00,pi2testbed,0.0,0.07,0.0,4,0,0,5344772,"61 days, 20:39",attack,x1_speedup
530,2023-04-12 19:18:20+00:00,pi2testbed,0.0,0.07,0.0,4,0,0,5344782,"61 days, 20:39",attack,x1_speedup
531,2023-04-12 19:18:30+00:00,pi2testbed,0.0,0.07,0.0,4,0,0,5344792,"61 days, 20:39",attack,x1_speedup
532,2023-04-12 19:18:40+00:00,pi2testbed,0.0,0.07,0.0,4,0,0,5344802,"61 days, 20:40",attack,x1_speedup
533,2023-04-12 19:18:50+00:00,pi2testbed,0.0,0.07,0.0,4,0,0,5344812,"61 days, 20:40",attack,x1_speedup
534,2023-04-12 19:19:00+00:00,pi2testbed,0.0,0.06,0.0,4,0,0,5344822,"61 days, 20:40",attack,x1_speedup
535,2023-04-12 19:19:10+00:00,pi2testbed,0.0,0.06,0.0,4,0,0,5344832,"61 days, 20:40",attack,x1_speedup
536,2023-04-12 19:19:20+00:00,pi2testbed,0.0,0.06,0.0,4,0,0,5344842,"61 days, 20:40",attack,x1_speedup
537,2023-04-12 19:19:30+00:00,pi2testbed,0.0,0.06,0.0,4,0,0,5344852,"61 days, 20:40",attack,x1_speedup
538,2023-04-12 19:19:40+00:00,pi2testbed,0.0,0.06,0.0,4,0,0,5344862,"61 days, 20:41",attack,x1_speedup
539,2023-04-12 19:19:50+00:00,pi2testbed,0.0,0.06,0.0,4,0,0,5344872,"61 days, 20:41",attack,x1_speedup
540,2023-04-12 19:25:00+00:00,pi2testbed,0.0,0.04,0.0,4,0,0,5345182,"61 days, 20:46",attack,x2_speedup
541,2023-04-12 19:25:10+00:00,pi2testbed,0.0,0.03,0.0,4,0,0,5345192,"61 days, 20:46",attack,x2_speedup
542,2023-04-12 19:25:20+00:00,pi2testbed,0.0,0.03,0.0,4,0,0,5345202,"61 days, 20:46",attack,x2_speedup
543,2023-04-12 19:25:30+00:00,pi2testbed,0.0,0.03,0.0,4,0,0,5345212,"61 days, 20:46",attack,x2_speedup
544,2023-04-12 19:25:40+00:00,pi2testbed,0.0,0.03,0.0,4,0,0,5345222,"61 days, 20:47",attack,x2_speedup
545,2023-04-12 19:25:50+00:00,pi2testbed,0.0,0.03,0.0,4,0,0,5345232,"61 days, 20:47",attack,x2_speedup
546,2023-04-12 19:26:00+00:00,pi2testbed,0.0,0.03,0.0,4,0,0,5345242,"61 days, 20:47",attack,x2_speedup
547,2023-04-12 19:26:10+00:00,pi2testbed,0.0,0.03,0.0,4,0,0,5345252,"61 days, 20:47",attack,x2_speedup
548,2023-04-12 19:26:20+00:00,pi2testbed,0.16,0.04,0.03,4,0,0,5345262,"61 days, 20:47",attack,x2_speedup
549,2023-04-12 19:26:30+00:00,pi2testbed,3.52,0.27,0.76,4,0,0,5345272,"61 days, 20:47",attack,x2_speedup
550,2023-04-12 19:26:40+00:00,pi2testbed,6.36,0.51,1.46,4,0,0,5345282,"61 days, 20:48",attack,x2_speedup
551,2023-04-12 19:26:50+00:00,pi2testbed,5.38,0.5,1.41,4,0,0,5345292,"61 days, 20:48",attack,x2_speedup
552,2023-04-12 19:27:00+00:00,pi2testbed,4.55,0.5,1.36,4,0,0,5345302,"61 days, 20:48",attack,x2_speedup
553,2023-04-12 19:27:10+00:00,pi2testbed,3.85,0.49,1.32,4,0,0,5345312,"61 days, 20:48",attack,x2_speedup
554,2023-04-12 19:27:20+00:00,pi2testbed,3.26,0.48,1.27,4,0,0,5345322,"61 days, 20:48",attack,x2_speedup
555,2023-04-12 19:27:30+00:00,pi2testbed,2.76,0.48,1.23,4,0,0,5345332,"61 days, 20:48",attack,x2_speedup
556,2023-04-12 19:27:40+00:00,pi2testbed,2.33,0.47,1.19,4,0,0,5345342,"61 days, 20:49",attack,x2_speedup
557,2023-04-12 19:27:50+00:00,pi2testbed,1.97,0.47,1.15,4,0,0,5345352,"61 days, 20:49",attack,x2_speedup
558,2023-04-12 19:28:00+00:00,pi2testbed,1.67,0.46,1.11,4,0,0,5345362,"61 days, 20:49",attack,x2_speedup
559,2023-04-12 19:28:10+00:00,pi2testbed,1.41,0.45,1.07,4,0,0,5345372,"61 days, 20:49",attack,x2_speedup
560,2023-04-12 19:28:20+00:00,pi2testbed,1.2,0.45,1.04,4,0,0,5345382,"61 days, 20:49",attack,x2_speedup
561,2023-04-12 19:28:30+00:00,pi2testbed,1.01,0.44,1.0,4,0,0,5345392,"61 days, 20:49",attack,x2_speedup
562,2023-04-12 19:28:40+00:00,pi2testbed,0.86,0.44,0.97,4,0,0,5345402,"61 days, 20:50",attack,x2_speedup
563,2023-04-12 19:28:50+00:00,pi2testbed,0.72,0.43,0.94,4,0,0,5345412,"61 days, 20:50",attack,x2_speedup
564,2023-04-12 19:29:00+00:00,pi2testbed,0.61,0.43,0.91,4,0,0,5345422,"61 days, 20:50",attack,x2_speedup
565,2023-04-12 19:29:10+00:00,pi2testbed,0.52,0.42,0.88,4,0,0,5345432,"61 days, 20:50",attack,x2_speedup
566,2023-04-12 19:29:20+00:00,pi2testbed,0.44,0.42,0.85,4,0,0,5345442,"61 days, 20:50",attack,x2_speedup
567,2023-04-12 19:29:30+00:00,pi2testbed,0.37,0.41,0.82,4,0,0,5345452,"61 days, 20:50",attack,x2_speedup
568,2023-04-12 19:29:40+00:00,pi2testbed,0.31,0.41,0.79,4,0,0,5345462,"61 days, 20:51",attack,x2_speedup
569,2023-04-12 19:29:50+00:00,pi2testbed,0.34,0.41,0.78,4,0,0,5345472,"61 days, 20:51",attack,x2_speedup
570,2023-04-12 19:30:00+00:00,pi2testbed,0.29,0.41,0.76,4,0,0,5345482,"61 days, 20:51",attack,x2_speedup
571,2023-04-12 19:30:10+00:00,pi2testbed,0.25,0.4,0.73,4,0,0,5345492,"61 days, 20:51",attack,x2_speedup
572,2023-04-12 19:30:20+00:00,pi2testbed,0.21,0.4,0.71,4,0,0,5345502,"61 days, 20:51",attack,x2_speedup
573,2023-04-12 19:30:30+00:00,pi2testbed,0.17,0.39,0.68,4,0,0,5345512,"61 days, 20:51",attack,x2_speedup
574,2023-04-12 19:30:40+00:00,pi2testbed,0.15,0.39,0.66,4,0,0,5345522,"61 days, 20:52",attack,x2_speedup
575,2023-04-12 19:30:50+00:00,pi2testbed,0.12,0.38,0.64,4,0,0,5345532,"61 days, 20:52",attack,x2_speedup
576,2023-04-12 19:31:00+00:00,pi2testbed,0.1,0.38,0.62,4,0,0,5345542,"61 days, 20:52",attack,x2_speedup
577,2023-04-12 19:31:10+00:00,pi2testbed,0.09,0.37,0.59,4,0,0,5345552,"61 days, 20:52",attack,x2_speedup
578,2023-04-12 19:31:20+00:00,pi2testbed,0.07,0.37,0.57,4,0,0,5345562,"61 days, 20:52",attack,x2_speedup
579,2023-04-12 19:31:30+00:00,pi2testbed,0.06,0.36,0.56,4,0,0,5345572,"61 days, 20:52",attack,x2_speedup
580,2023-04-12 19:31:40+00:00,pi2testbed,0.05,0.36,0.54,4,0,0,5345582,"61 days, 20:53",attack,x2_speedup
581,2023-04-12 19:31:50+00:00,pi2testbed,0.04,0.35,0.52,4,0,0,5345592,"61 days, 20:53",attack,x2_speedup
582,2023-04-12 19:32:00+00:00,pi2testbed,0.04,0.35,0.5,4,0,0,5345602,"61 days, 20:53",attack,x2_speedup
583,2023-04-12 19:32:10+00:00,pi2testbed,0.03,0.35,0.48,4,0,0,5345612,"61 days, 20:53",attack,x2_speedup
584,2023-04-12 19:32:20+00:00,pi2testbed,0.02,0.34,0.47,4,0,0,5345622,"61 days, 20:53",attack,x2_speedup
585,2023-04-12 19:32:30+00:00,pi2testbed,0.02,0.34,0.45,4,0,0,5345632,"61 days, 20:53",attack,x2_speedup
586,2023-04-12 19:32:40+00:00,pi2testbed,0.02,0.33,0.44,4,0,0,5345642,"61 days, 20:54",attack,x2_speedup
587,2023-04-12 19:32:50+00:00,pi2testbed,0.01,0.33,0.42,4,0,0,5345652,"61 days, 20:54",attack,x2_speedup
588,2023-04-12 19:33:00+00:00,pi2testbed,0.01,0.33,0.41,4,0,0,5345662,"61 days, 20:54",attack,x2_speedup
589,2023-04-12 19:33:10+00:00,pi2testbed,0.01,0.32,0.39,4,0,0,5345672,"61 days, 20:54",attack,x2_speedup
590,2023-04-12 19:33:20+00:00,pi2testbed,0.01,0.32,0.38,4,0,0,5345682,"61 days, 20:54",attack,x2_speedup
591,2023-04-12 19:33:30+00:00,pi2testbed,0.01,0.32,0.37,4,0,0,5345692,"61 days, 20:54",attack,x2_speedup
592,2023-04-12 19:33:40+00:00,pi2testbed,0.0,0.31,0.35,4,0,0,5345702,"61 days, 20:55",attack,x2_speedup
593,2023-04-12 19:33:50+00:00,pi2testbed,0.0,0.31,0.34,4,0,0,5345712,"61 days, 20:55",attack,x2_speedup
594,2023-04-12 19:34:00+00:00,pi2testbed,0.0,0.3,0.33,4,0,0,5345722,"61 days, 20:55",attack,x2_speedup
595,2023-04-12 19:34:10+00:00,pi2testbed,0.0,0.3,0.32,4,0,0,5345732,"61 days, 20:55",attack,x2_speedup
596,2023-04-12 19:34:20+00:00,pi2testbed,0.0,0.3,0.31,4,0,0,5345742,"61 days, 20:55",attack,x2_speedup
597,2023-04-12 19:34:30+00:00,pi2testbed,0.0,0.29,0.3,4,0,0,5345752,"61 days, 20:55",attack,x2_speedup
598,2023-04-12 19:34:40+00:00,pi2testbed,0.0,0.29,0.29,4,0,0,5345762,"61 days, 20:56",attack,x2_speedup
599,2023-04-12 19:34:50+00:00,pi2testbed,0.0,0.28,0.28,4,0,0,5345772,"61 days, 20:56",attack,x2_speedup
600,2023-04-12 19:35:00+00:00,pi2testbed,0.0,0.28,0.27,4,0,0,5345782,"61 days, 20:56",attack,x2_speedup
601,2023-04-12 19:35:10+00:00,pi2testbed,0.0,0.28,0.26,4,0,0,5345792,"61 days, 20:56",attack,x2_speedup
602,2023-04-12 19:35:20+00:00,pi2testbed,0.0,0.27,0.25,4,0,0,5345802,"61 days, 20:56",attack,x2_speedup
603,2023-04-12 19:35:30+00:00,pi2testbed,0.0,0.27,0.24,4,0,0,5345812,"61 days, 20:56",attack,x2_speedup
604,2023-04-12 19:35:40+00:00,pi2testbed,0.0,0.27,0.23,4,0,0,5345822,"61 days, 20:57",attack,x2_speedup
605,2023-04-12 19:35:50+00:00,pi2testbed,0.0,0.26,0.22,4,0,0,5345832,"61 days, 20:57",attack,x2_speedup
606,2023-04-12 19:36:00+00:00,pi2testbed,0.0,0.26,0.22,4,0,0,5345842,"61 days, 20:57",attack,x2_speedup
607,2023-04-12 19:36:10+00:00,pi2testbed,0.0,0.26,0.21,4,0,0,5345852,"61 days, 20:57",attack,x2_speedup
608,2023-04-12 19:36:20+00:00,pi2testbed,0.0,0.25,0.2,4,0,0,5345862,"61 days, 20:57",attack,x2_speedup
609,2023-04-12 19:36:30+00:00,pi2testbed,0.0,0.25,0.19,4,0,0,5345872,"61 days, 20:57",attack,x2_speedup
610,2023-04-12 19:36:40+00:00,pi2testbed,0.0,0.25,0.19,4,0,0,5345882,"61 days, 20:58",attack,x2_speedup
611,2023-04-12 19:36:50+00:00,pi2testbed,0.0,0.25,0.18,4,0,0,5345892,"61 days, 20:58",attack,x2_speedup
612,2023-04-12 19:37:00+00:00,pi2testbed,0.08,0.25,0.19,4,0,0,5345902,"61 days, 20:58",attack,x2_speedup
613,2023-04-12 19:37:10+00:00,pi2testbed,0.07,0.25,0.18,4,0,0,5345912,"61 days, 20:58",attack,x2_speedup
614,2023-04-12 19:37:20+00:00,pi2testbed,0.06,0.24,0.18,4,0,0,5345922,"61 days, 20:58",attack,x2_speedup
615,2023-04-12 19:37:30+00:00,pi2testbed,0.05,0.24,0.17,4,0,0,5345932,"61 days, 20:58",attack,x2_speedup
616,2023-04-12 19:37:40+00:00,pi2testbed,0.04,0.24,0.16,4,0,0,5345942,"61 days, 20:59",attack,x2_speedup
617,2023-04-12 19:37:50+00:00,pi2testbed,0.03,0.23,0.16,4,0,0,5345952,"61 days, 20:59",attack,x2_speedup
618,2023-04-12 19:38:00+00:00,pi2testbed,0.03,0.23,0.15,4,0,0,5345962,"61 days, 20:59",attack,x2_speedup
619,2023-04-12 19:38:10+00:00,pi2testbed,0.02,0.23,0.15,4,0,0,5345972,"61 days, 20:59",attack,x2_speedup
620,2023-04-12 19:38:20+00:00,pi2testbed,0.02,0.23,0.14,4,0,0,5345982,"61 days, 20:59",attack,x2_speedup
621,2023-04-12 19:38:30+00:00,pi2testbed,0.02,0.22,0.14,4,0,0,5345992,"61 days, 20:59",attack,x2_speedup
622,2023-04-12 19:38:40+00:00,pi2testbed,0.01,0.22,0.13,4,0,0,5346002,"61 days, 21:00",attack,x2_speedup
623,2023-04-12 19:38:50+00:00,pi2testbed,0.01,0.22,0.13,4,0,0,5346012,"61 days, 21:00",attack,x2_speedup
624,2023-04-12 19:39:00+00:00,pi2testbed,0.01,0.21,0.12,4,0,0,5346022,"61 days, 21:00",attack,x2_speedup
625,2023-04-12 19:39:10+00:00,pi2testbed,0.01,0.21,0.12,4,0,0,5346032,"61 days, 21:00",attack,x2_speedup
626,2023-04-12 19:39:20+00:00,pi2testbed,0.0,0.21,0.11,4,0,0,5346042,"61 days, 21:00",attack,x2_speedup
627,2023-04-12 19:39:30+00:00,pi2testbed,0.0,0.2,0.11,4,0,0,5346052,"61 days, 21:00",attack,x2_speedup
628,2023-04-12 19:39:40+00:00,pi2testbed,0.0,0.2,0.11,4,0,0,5346062,"61 days, 21:01",attack,x2_speedup
629,2023-04-12 19:39:50+00:00,pi2testbed,0.0,0.2,0.1,4,0,0,5346072,"61 days, 21:01",attack,x2_speedup
630,2023-04-12 19:40:00+00:00,pi2testbed,0.0,0.2,0.1,4,0,0,5346082,"61 days, 21:01",attack,x2_speedup
631,2023-04-12 19:40:10+00:00,pi2testbed,0.0,0.19,0.09,4,0,0,5346092,"61 days, 21:01",attack,x2_speedup
632,2023-04-12 19:40:20+00:00,pi2testbed,0.0,0.19,0.09,4,0,0,5346102,"61 days, 21:01",attack,x2_speedup
633,2023-04-12 19:40:30+00:00,pi2testbed,0.0,0.19,0.09,4,0,0,5346112,"61 days, 21:01",attack,x2_speedup
634,2023-04-12 19:40:40+00:00,pi2testbed,0.0,0.18,0.08,4,0,0,5346122,"61 days, 21:02",attack,x2_speedup
635,2023-04-12 19:40:50+00:00,pi2testbed,0.0,0.18,0.08,4,0,0,5346132,"61 days, 21:02",attack,x2_speedup
636,2023-04-12 19:41:00+00:00,pi2testbed,0.0,0.18,0.08,4,0,0,5346142,"61 days, 21:02",attack,x2_speedup
637,2023-04-12 19:41:10+00:00,pi2testbed,0.0,0.18,0.07,4,0,0,5346152,"61 days, 21:02",attack,x2_speedup
638,2023-04-12 19:41:20+00:00,pi2testbed,0.0,0.18,0.07,4,0,0,5346162,"61 days, 21:02",attack,x2_speedup
639,2023-04-12 19:41:30+00:00,pi2testbed,0.0,0.17,0.07,4,0,0,5346172,"61 days, 21:02",attack,x2_speedup
640,2023-04-12 19:41:40+00:00,pi2testbed,0.0,0.17,0.07,4,0,0,5346182,"61 days, 21:03",attack,x2_speedup
641,2023-04-12 19:41:50+00:00,pi2testbed,0.0,0.17,0.06,4,0,0,5346192,"61 days, 21:03",attack,x2_speedup
642,2023-04-12 19:42:00+00:00,pi2testbed,0.0,0.17,0.06,4,0,0,5346202,"61 days, 21:03",attack,x2_speedup
643,2023-04-12 19:42:10+00:00,pi2testbed,0.0,0.17,0.06,4,0,0,5346212,"61 days, 21:03",attack,x2_speedup
644,2023-04-12 19:42:20+00:00,pi2testbed,0.0,0.16,0.06,4,0,0,5346222,"61 days, 21:03",attack,x2_speedup
645,2023-04-12 19:42:30+00:00,pi2testbed,0.0,0.16,0.05,4,0,0,5346232,"61 days, 21:03",attack,x2_speedup
646,2023-04-12 19:42:40+00:00,pi2testbed,0.0,0.16,0.05,4,0,0,5346242,"61 days, 21:04",attack,x2_speedup
647,2023-04-12 19:42:50+00:00,pi2testbed,0.0,0.16,0.05,4,0,0,5346252,"61 days, 21:04",attack,x2_speedup
648,2023-04-12 19:43:00+00:00,pi2testbed,0.0,0.16,0.05,4,0,0,5346262,"61 days, 21:04",attack,x2_speedup
649,2023-04-12 19:43:10+00:00,pi2testbed,0.0,0.15,0.05,4,0,0,5346272,"61 days, 21:04",attack,x2_speedup
650,2023-04-12 19:43:20+00:00,pi2testbed,0.0,0.15,0.04,4,0,0,5346282,"61 days, 21:04",attack,x2_speedup
651,2023-04-12 19:43:30+00:00,pi2testbed,0.0,0.15,0.04,4,0,0,5346292,"61 days, 21:04",attack,x2_speedup
652,2023-04-12 19:43:40+00:00,pi2testbed,0.0,0.15,0.04,4,0,0,5346302,"61 days, 21:05",attack,x2_speedup
653,2023-04-12 19:43:50+00:00,pi2testbed,0.0,0.15,0.04,4,0,0,5346312,"61 days, 21:05",attack,x2_speedup
654,2023-04-12 19:44:00+00:00,pi2testbed,0.0,0.14,0.04,4,0,0,5346322,"61 days, 21:05",attack,x2_speedup
655,2023-04-12 19:44:10+00:00,pi2testbed,0.0,0.14,0.03,4,0,0,5346332,"61 days, 21:05",attack,x2_speedup
656,2023-04-12 19:44:20+00:00,pi2testbed,0.0,0.14,0.03,4,0,0,5346342,"61 days, 21:05",attack,x2_speedup
657,2023-04-12 19:44:30+00:00,pi2testbed,0.0,0.14,0.03,4,0,0,5346352,"61 days, 21:05",attack,x2_speedup
658,2023-04-12 19:44:40+00:00,pi2testbed,0.07,0.14,0.05,4,0,0,5346362,"61 days, 21:06",attack,x2_speedup
659,2023-04-12 19:44:50+00:00,pi2testbed,0.06,0.14,0.04,4,0,0,5346372,"61 days, 21:06",attack,x2_speedup
660,2023-04-12 19:45:00+00:00,pi2testbed,0.05,0.14,0.04,4,0,0,5346382,"61 days, 21:06",attack,x2_speedup
661,2023-04-12 19:45:10+00:00,pi2testbed,0.04,0.14,0.04,4,0,0,5346392,"61 days, 21:06",attack,x2_speedup
662,2023-04-12 19:45:20+00:00,pi2testbed,0.04,0.13,0.04,4,0,0,5346402,"61 days, 21:06",attack,x2_speedup
663,2023-04-12 19:45:30+00:00,pi2testbed,0.03,0.13,0.04,4,0,0,5346412,"61 days, 21:06",attack,x2_speedup
664,2023-04-12 19:45:40+00:00,pi2testbed,0.02,0.13,0.03,4,0,0,5346422,"61 days, 21:07",attack,x2_speedup
665,2023-04-12 19:45:50+00:00,pi2testbed,0.02,0.13,0.03,4,0,0,5346432,"61 days, 21:07",attack,x2_speedup
666,2023-04-12 19:46:00+00:00,pi2testbed,0.02,0.13,0.03,4,0,0,5346442,"61 days, 21:07",attack,x2_speedup
667,2023-04-12 19:46:10+00:00,pi2testbed,0.01,0.12,0.03,4,0,0,5346452,"61 days, 21:07",attack,x2_speedup
668,2023-04-12 19:46:20+00:00,pi2testbed,0.01,0.12,0.03,4,0,0,5346462,"61 days, 21:07",attack,x2_speedup
669,2023-04-12 19:46:30+00:00,pi2testbed,0.01,0.12,0.03,4,0,0,5346472,"61 days, 21:07",attack,x2_speedup
670,2023-04-12 19:46:40+00:00,pi2testbed,0.01,0.12,0.03,4,0,0,5346482,"61 days, 21:08",attack,x2_speedup
671,2023-04-12 19:46:50+00:00,pi2testbed,0.01,0.12,0.02,4,0,0,5346492,"61 days, 21:08",attack,x2_speedup
672,2023-04-12 19:47:00+00:00,pi2testbed,0.0,0.12,0.02,4,0,0,5346502,"61 days, 21:08",attack,x2_speedup
673,2023-04-12 19:47:10+00:00,pi2testbed,0.0,0.11,0.02,4,0,0,5346512,"61 days, 21:08",attack,x2_speedup
674,2023-04-12 19:47:20+00:00,pi2testbed,0.0,0.11,0.02,4,0,0,5346522,"61 days, 21:08",attack,x2_speedup
675,2023-04-12 19:47:30+00:00,pi2testbed,0.0,0.11,0.02,4,0,0,5346532,"61 days, 21:08",attack,x2_speedup
676,2023-04-12 19:47:40+00:00,pi2testbed,0.0,0.11,0.02,4,0,0,5346542,"61 days, 21:09",attack,x2_speedup
677,2023-04-12 19:47:50+00:00,pi2testbed,0.0,0.11,0.02,4,0,0,5346552,"61 days, 21:09",attack,x2_speedup
678,2023-04-12 19:48:00+00:00,pi2testbed,0.0,0.1,0.02,4,0,0,5346562,"61 days, 21:09",attack,x2_speedup
679,2023-04-12 19:48:10+00:00,pi2testbed,0.0,0.1,0.02,4,0,0,5346572,"61 days, 21:09",attack,x2_speedup
680,2023-04-12 19:48:20+00:00,pi2testbed,0.0,0.1,0.02,4,0,0,5346582,"61 days, 21:09",attack,x2_speedup
681,2023-04-12 19:48:30+00:00,pi2testbed,0.0,0.1,0.01,4,0,0,5346592,"61 days, 21:09",attack,x2_speedup
682,2023-04-12 19:48:40+00:00,pi2testbed,0.0,0.1,0.01,4,0,0,5346602,"61 days, 21:10",attack,x2_speedup
683,2023-04-12 19:48:50+00:00,pi2testbed,0.0,0.09,0.01,4,0,0,5346612,"61 days, 21:10",attack,x2_speedup
684,2023-04-12 19:49:00+00:00,pi2testbed,0.15,0.1,0.04,4,0,0,5346622,"61 days, 21:10",attack,x2_speedup
685,2023-04-12 19:49:10+00:00,pi2testbed,0.12,0.1,0.04,4,0,0,5346632,"61 days, 21:10",attack,x2_speedup
686,2023-04-12 19:49:20+00:00,pi2testbed,0.1,0.1,0.04,4,0,0,5346642,"61 days, 21:10",attack,x2_speedup
687,2023-04-12 19:49:30+00:00,pi2testbed,0.09,0.1,0.04,4,0,0,5346652,"61 days, 21:10",attack,x2_speedup
688,2023-04-12 19:49:40+00:00,pi2testbed,0.07,0.1,0.04,4,0,0,5346662,"61 days, 21:11",attack,x2_speedup
689,2023-04-12 19:49:50+00:00,pi2testbed,0.06,0.09,0.04,4,0,0,5346672,"61 days, 21:11",attack,x2_speedup
690,2023-04-12 19:50:00+00:00,pi2testbed,0.05,0.09,0.03,4,0,0,5346682,"61 days, 21:11",attack,x2_speedup
691,2023-04-12 19:50:10+00:00,pi2testbed,0.04,0.09,0.03,4,0,0,5346692,"61 days, 21:11",attack,x2_speedup
692,2023-04-12 19:50:20+00:00,pi2testbed,0.04,0.09,0.03,4,0,0,5346702,"61 days, 21:11",attack,x2_speedup
693,2023-04-12 19:50:30+00:00,pi2testbed,0.03,0.09,0.03,4,0,0,5346712,"61 days, 21:11",attack,x2_speedup
694,2023-04-12 19:50:40+00:00,pi2testbed,0.02,0.09,0.03,4,0,0,5346722,"61 days, 21:12",attack,x2_speedup
695,2023-04-12 19:50:50+00:00,pi2testbed,0.02,0.09,0.03,4,0,0,5346732,"61 days, 21:12",attack,x2_speedup
696,2023-04-12 19:51:00+00:00,pi2testbed,0.02,0.08,0.03,4,0,0,5346742,"61 days, 21:12",attack,x2_speedup
697,2023-04-12 19:51:10+00:00,pi2testbed,0.01,0.08,0.02,4,0,0,5346752,"61 days, 21:12",attack,x2_speedup
698,2023-04-12 19:51:20+00:00,pi2testbed,0.01,0.08,0.02,4,0,0,5346762,"61 days, 21:12",attack,x2_speedup
699,2023-04-12 19:51:30+00:00,pi2testbed,0.01,0.08,0.02,4,0,0,5346772,"61 days, 21:12",attack,x2_speedup
700,2023-04-12 19:51:40+00:00,pi2testbed,0.01,0.08,0.02,4,0,0,5346782,"61 days, 21:13",attack,x2_speedup
701,2023-04-12 19:51:50+00:00,pi2testbed,0.01,0.08,0.02,4,0,0,5346792,"61 days, 21:13",attack,x2_speedup
702,2023-04-12 19:52:00+00:00,pi2testbed,0.0,0.08,0.02,4,0,0,5346802,"61 days, 21:13",attack,x2_speedup
703,2023-04-12 19:52:10+00:00,pi2testbed,0.0,0.08,0.02,4,0,0,5346812,"61 days, 21:13",attack,x2_speedup
704,2023-04-12 19:52:20+00:00,pi2testbed,0.0,0.08,0.02,4,0,0,5346822,"61 days, 21:13",attack,x2_speedup
705,2023-04-12 19:52:30+00:00,pi2testbed,0.0,0.08,0.02,4,0,0,5346832,"61 days, 21:13",attack,x2_speedup
706,2023-04-12 19:52:40+00:00,pi2testbed,0.0,0.08,0.02,4,0,0,5346842,"61 days, 21:14",attack,x2_speedup
707,2023-04-12 19:52:50+00:00,pi2testbed,0.0,0.07,0.01,4,0,0,5346852,"61 days, 21:14",attack,x2_speedup
708,2023-04-12 19:53:00+00:00,pi2testbed,0.0,0.07,0.01,4,0,0,5346862,"61 days, 21:14",attack,x2_speedup
709,2023-04-12 19:53:10+00:00,pi2testbed,0.0,0.07,0.01,4,0,0,5346872,"61 days, 21:14",attack,x2_speedup
710,2023-04-12 19:53:20+00:00,pi2testbed,0.0,0.07,0.01,4,0,0,5346882,"61 days, 21:14",attack,x2_speedup
711,2023-04-12 19:53:30+00:00,pi2testbed,0.0,0.07,0.01,4,0,0,5346892,"61 days, 21:14",attack,x2_speedup
712,2023-04-12 19:53:40+00:00,pi2testbed,0.0,0.07,0.01,4,0,0,5346902,"61 days, 21:15",attack,x2_speedup
713,2023-04-12 19:53:50+00:00,pi2testbed,0.0,0.07,0.01,4,0,0,5346912,"61 days, 21:15",attack,x2_speedup
714,2023-04-12 19:54:00+00:00,pi2testbed,0.0,0.07,0.01,4,0,0,5346922,"61 days, 21:15",attack,x2_speedup
715,2023-04-12 19:54:10+00:00,pi2testbed,0.0,0.07,0.01,4,0,0,5346932,"61 days, 21:15",attack,x2_speedup
716,2023-04-12 19:54:20+00:00,pi2testbed,0.0,0.07,0.01,4,0,0,5346942,"61 days, 21:15",attack,x2_speedup
717,2023-04-12 19:54:30+00:00,pi2testbed,0.0,0.06,0.0,4,0,0,5346952,"61 days, 21:15",attack,x2_speedup
718,2023-04-12 19:54:40+00:00,pi2testbed,0.0,0.06,0.0,4,0,0,5346962,"61 days, 21:16",attack,x2_speedup
719,2023-04-12 19:54:50+00:00,pi2testbed,0.0,0.06,0.0,4,0,0,5346972,"61 days, 21:16",attack,x2_speedup
720,2023-04-12 20:00:00+00:00,pi2testbed,3.38,0.27,0.72,4,0,0,5347282,"61 days, 21:21",attack,motors_spike
721,2023-04-12 20:00:10+00:00,pi2testbed,6.25,0.5,1.43,4,0,0,5347292,"61 days, 21:21",attack,motors_spike
722,2023-04-12 20:00:20+00:00,pi2testbed,5.28,0.5,1.38,4,0,0,5347302,"61 days, 21:21",attack,motors_spike
723,2023-04-12 20:00:30+00:00,pi2testbed,4.47,0.49,1.33,4,0,0,5347312,"61 days, 21:21",attack,motors_spike
724,2023-04-12 20:00:40+00:00,pi2testbed,3.78,0.48,1.29,4,0,0,5347322,"61 days, 21:22",attack,motors_spike
725,2023-04-12 20:00:50+00:00,pi2testbed,3.2,0.48,1.25,4,0,0,5347332,"61 days, 21:22",attack,motors_spike
726,2023-04-12 20:01:00+00:00,pi2testbed,2.71,0.47,1.2,4,0,0,5347342,"61 days, 21:22",attack,motors_spike
727,2023-04-12 20:01:10+00:00,pi2testbed,2.29,0.47,1.16,4,0,0,5347352,"61 days, 21:22",attack,motors_spike
728,2023-04-12 20:01:20+00:00,pi2testbed,1.94,0.46,1.12,4,0,0,5347362,"61 days, 21:22",attack,motors_spike
729,2023-04-12 20:01:30+00:00,pi2testbed,1.64,0.46,1.09,4,0,0,5347372,"61 days, 21:22",attack,motors_spike
730,2023-04-12 20:01:40+00:00,pi2testbed,3.3,0.58,1.45,4,0,0,5347382,"61 days, 21:23",attack,motors_spike
731,2023-04-12 20:01:50+00:00,pi2testbed,6.17,0.81,2.13,4,0,0,5347392,"61 days, 21:23",attack,motors_spike
732,2023-04-12 20:02:00+00:00,pi2testbed,6.85,0.92,2.42,4,0,0,5347402,"61 days, 21:23",attack,motors_spike
733,2023-04-12 20:02:10+00:00,pi2testbed,5.79,0.91,2.34,4,0,0,5347412,"61 days, 21:23",attack,motors_spike
734,2023-04-12 20:02:20+00:00,pi2testbed,4.9,0.9,2.26,4,0,0,5347422,"61 days, 21:23",attack,motors_spike
735,2023-04-12 20:02:30+00:00,pi2testbed,4.15,0.89,2.18,4,0,0,5347432,"61 days, 21:23",attack,motors_spike
736,2023-04-12 20:02:40+00:00,pi2testbed,3.51,0.88,2.11,4,0,0,5347442,"61 days, 21:24",attack,motors_spike
737,2023-04-12 20:02:50+00:00,pi2testbed,2.97,0.87,2.04,4,0,0,5347452,"61 days, 21:24",attack,motors_spike
738,2023-04-12 20:03:00+00:00,pi2testbed,2.51,0.86,1.97,4,0,0,5347462,"61 days, 21:24",attack,motors_spike
739,2023-04-12 20:03:10+00:00,pi2testbed,2.13,0.85,1.91,4,0,0,5347472,"61 days, 21:24",attack,motors_spike
740,2023-04-12 20:03:20+00:00,pi2testbed,1.8,0.84,1.85,4,0,0,5347482,"61 days, 21:24",attack,motors_spike
741,2023-04-12 20:03:30+00:00,pi2testbed,1.52,0.83,1.78,4,0,0,5347492,"61 days, 21:24",attack,motors_spike
742,2023-04-12 20:03:40+00:00,pi2testbed,1.29,0.82,1.72,4,0,0,5347502,"61 days, 21:25",attack,motors_spike
743,2023-04-12 20:03:50+00:00,pi2testbed,1.09,0.81,1.67,4,0,0,5347512,"61 days, 21:25",attack,motors_spike
744,2023-04-12 20:04:00+00:00,pi2testbed,0.92,0.8,1.61,4,0,0,5347522,"61 days, 21:25",attack,motors_spike
745,2023-04-12 20:04:10+00:00,pi2testbed,0.78,0.79,1.56,4,0,0,5347532,"61 days, 21:25",attack,motors_spike
746,2023-04-12 20:04:20+00:00,pi2testbed,0.66,0.78,1.51,4,0,0,5347542,"61 days, 21:25",attack,motors_spike
747,2023-04-12 20:04:30+00:00,pi2testbed,0.56,0.78,1.46,4,0,0,5347552,"61 days, 21:25",attack,motors_spike
748,2023-04-12 20:04:40+00:00,pi2testbed,0.47,0.77,1.41,4,0,0,5347562,"61 days, 21:26",attack,motors_spike
749,2023-04-12 20:04:50+00:00,pi2testbed,3.78,0.99,2.09,4,0,0,5347572,"61 days, 21:26",attack,motors_spike
750,2023-04-12 20:05:00+00:00,pi2testbed,6.58,1.22,2.74,4,0,0,5347582,"61 days, 21:26",attack,motors_spike
751,2023-04-12 20:05:10+00:00,pi2testbed,5.57,1.21,2.65,4,0,0,5347592,"61 days, 21:26",attack,motors_spike
752,2023-04-12 20:05:20+00:00,pi2testbed,4.71,1.19,2.56,4,0,0,5347602,"61 days, 21:26",attack,motors_spike
753,2023-04-12 20:05:30+00:00,pi2testbed,3.99,1.18,2.48,4,0,0,5347612,"61 days, 21:26",attack,motors_spike
754,2023-04-12 20:05:40+00:00,pi2testbed,3.37,1.17,2.4,4,0,0,5347622,"61 days, 21:27",attack,motors_spike
755,2023-04-12 20:05:50+00:00,pi2testbed,2.85,1.15,2.32,4,0,0,5347632,"61 days, 21:27",attack,motors_spike
756,2023-04-12 20:06:00+00:00,pi2testbed,2.42,1.14,2.24,4,0,0,5347642,"61 days, 21:27",attack,motors_spike
757,2023-04-12 20:06:10+00:00,pi2testbed,2.04,1.13,2.17,4,0,0,5347652,"61 days, 21:27",attack,motors_spike
758,2023-04-12 20:06:20+00:00,pi2testbed,1.73,1.12,2.1,4,0,0,5347662,"61 days, 21:27",attack,motors_spike
759,2023-04-12 20:06:30+00:00,pi2testbed,1.46,1.1,2.03,4,0,0,5347672,"61 days, 21:27",attack,motors_spike
760,2023-04-12 20:06:40+00:00,pi2testbed,3.07,1.21,2.34,4,0,0,5347682,"61 days, 21:28",attack,motors_spike
761,2023-04-12 20:06:50+00:00,pi2testbed,5.98,1.44,2.99,4,0,0,5347692,"61 days, 21:28",attack,motors_spike
762,2023-04-12 20:07:00+00:00,pi2testbed,6.68,1.54,3.25,4,0,0,5347702,"61 days, 21:28",attack,motors_spike
763,2023-04-12 20:07:10+00:00,pi2testbed,5.66,1.52,3.14,4,0,0,5347712,"61 days, 21:28",attack,motors_spike
764,2023-04-12 20:07:20+00:00,pi2testbed,4.79,1.51,3.04,4,0,0,5347722,"61 days, 21:28",attack,motors_spike
765,2023-04-12 20:07:30+00:00,pi2testbed,4.05,1.49,2.94,4,0,0,5347732,"61 days, 21:28",attack,motors_spike
766,2023-04-12 20:07:40+00:00,pi2testbed,3.43,1.47,2.84,4,0,0,5347742,"61 days, 21:29",attack,motors_spike
767,2023-04-12 20:07:50+00:00,pi2testbed,2.9,1.46,2.75,4,0,0,5347752,"61 days, 21:29",attack,motors_spike
768,2023-04-12 20:08:00+00:00,pi2testbed,2.45,1.44,2.66,4,0,0,5347762,"61 days, 21:29",attack,motors_spike
769,2023-04-12 20:08:10+00:00,pi2testbed,2.08,1.42,2.57,4,0,0,5347772,"61 days, 21:29",attack,motors_spike
770,2023-04-12 20:08:20+00:00,pi2testbed,1.76,1.41,2.48,4,0,0,5347782,"61 days, 21:29",attack,motors_spike
771,2023-04-12 20:08:30+00:00,pi2testbed,3.25,1.51,2.77,4,0,0,5347792,"61 days, 21:29",attack,motors_spike
772,2023-04-12 20:08:40+00:00,pi2testbed,6.13,1.73,3.4,4,0,0,5347802,"61 days, 21:30",attack,motors_spike
773,2023-04-12 20:08:50+00:00,pi2testbed,6.81,1.83,3.65,4,0,0,5347812,"61 days, 21:30",attack,motors_spike
774,2023-04-12 20:09:00+00:00,pi2testbed,5.76,1.81,3.53,4,0,0,5347822,"61 days, 21:30",attack,motors_spike
775,2023-04-12 20:09:10+00:00,pi2testbed,4.88,1.79,3.41,4,0,0,5347832,"61 days, 21:30",attack,motors_spike
776,2023-04-12 20:09:20+00:00,pi2testbed,4.13,1.77,3.3,4,0,0,5347842,"61 days, 21:30",attack,motors_spike
777,2023-04-12 20:09:30+00:00,pi2testbed,3.56,1.76,3.2,4,0,0,5347852,"61 days, 21:30",attack,motors_spike
778,2023-04-12 20:09:40+00:00,pi2testbed,3.02,1.74,3.1,4,0,0,5347862,"61 days, 21:31",attack,motors_spike
779,2023-04-12 20:09:50+00:00,pi2testbed,2.55,1.72,3.0,4,0,0,5347872,"61 days, 21:31",attack,motors_spike
780,2023-04-12 20:10:00+00:00,pi2testbed,2.16,1.7,2.9,4,0,0,5347882,"61 days, 21:31",attack,motors_spike
781,2023-04-12 20:10:10+00:00,pi2testbed,1.83,1.68,2.8,4,0,0,5347892,"61 days, 21:31",attack,motors_spike
782,2023-04-12 20:10:20+00:00,pi2testbed,1.55,1.66,2.71,4,0,0,5347902,"61 days, 21:31",attack,motors_spike
783,2023-04-12 20:10:30+00:00,pi2testbed,1.38,1.65,2.64,4,0,0,5347912,"61 days, 21:31",attack,motors_spike
784,2023-04-12 20:10:40+00:00,pi2testbed,3.08,1.76,2.95,4,0,0,5347922,"61 days, 21:32",attack,motors_spike
785,2023-04-12 20:10:50+00:00,pi2testbed,5.99,1.98,3.57,4,0,0,5347932,"61 days, 21:32",attack,motors_spike
786,2023-04-12 20:11:00+00:00,pi2testbed,6.69,2.07,3.82,4,0,0,5347942,"61 days, 21:32",attack,motors_spike
787,2023-04-12 20:11:10+00:00,pi2testbed,5.66,2.05,3.69,4,0,0,5347952,"61 days, 21:32",attack,motors_spike
788,2023-04-12 20:11:20+00:00,pi2testbed,4.79,2.03,3.57,4,0,0,5347962,"61 days, 21:32",attack,motors_spike
789,2023-04-12 20:11:30+00:00,pi2testbed,4.2,2.02,3.48,4,0,0,5347972,"61 days, 21:32",attack,motors_spike
790,2023-04-12 20:11:40+00:00,pi2testbed,3.55,2.0,3.37,4,0,0,5347982,"61 days, 21:33",attack,motors_spike
791,2023-04-12 20:11:50+00:00,pi2testbed,3.01,1.97,3.26,4,0,0,5347992,"61 days, 21:33",attack,motors_spike
792,2023-04-12 20:12:00+00:00,pi2testbed,2.54,1.95,3.15,4,0,0,5348002,"61 days, 21:33",attack,motors_spike
793,2023-04-12 20:12:10+00:00,pi2testbed,2.15,1.93,3.04,4,0,0,5348012,"61 days, 21:33",attack,motors_spike
794,2023-04-12 20:12:20+00:00,pi2testbed,1.82,1.91,2.94,4,0,0,5348022,"61 days, 21:33",attack,motors_spike
795,2023-04-12 20:12:30+00:00,pi2testbed,3.38,2.01,3.23,4,0,0,5348032,"61 days, 21:33",attack,motors_spike
796,2023-04-12 20:12:40+00:00,pi2testbed,6.24,2.23,3.85,4,0,0,5348042,"61 days, 21:34",attack,motors_spike
797,2023-04-12 20:12:50+00:00,pi2testbed,6.9,2.32,4.08,4,0,0,5348052,"61 days, 21:34",attack,motors_spike
798,2023-04-12 20:13:00+00:00,pi2testbed,5.84,2.3,3.94,4,0,0,5348062,"61 days, 21:34",attack,motors_spike
799,2023-04-12 20:13:10+00:00,pi2testbed,4.94,2.27,3.81,4,0,0,5348072,"61 days, 21:34",attack,motors_spike
800,2023-04-12 20:13:20+00:00,pi2testbed,4.18,2.25,3.69,4,0,0,5348082,"61 days, 21:34",attack,motors_spike
801,2023-04-12 20:13:30+00:00,pi2testbed,3.61,2.23,3.58,4,0,0,5348092,"61 days, 21:34",attack,motors_spike
802,2023-04-12 20:13:40+00:00,pi2testbed,3.06,2.2,3.46,4,0,0,5348102,"61 days, 21:35",attack,motors_spike
803,2023-04-12 20:13:50+00:00,pi2testbed,2.59,2.18,3.35,4,0,0,5348112,"61 days, 21:35",attack,motors_spike
804,2023-04-12 20:14:00+00:00,pi2testbed,2.19,2.15,3.24,4,0,0,5348122,"61 days, 21:35",attack,motors_spike
805,2023-04-12 20:14:10+00:00,pi2testbed,1.85,2.13,3.13,4,0,0,5348132,"61 days, 21:35",attack,motors_spike
806,2023-04-12 20:14:20+00:00,pi2testbed,1.57,2.11,3.03,4,0,0,5348142,"61 days, 21:35",attack,motors_spike
807,2023-04-12 20:14:30+00:00,pi2testbed,1.32,2.08,2.93,4,0,0,5348152,"61 days, 21:35",attack,motors_spike
808,2023-04-12 20:14:40+00:00,pi2testbed,1.12,2.06,2.83,4,0,0,5348162,"61 days, 21:36",attack,motors_spike
809,2023-04-12 20:14:50+00:00,pi2testbed,0.95,2.04,2.74,4,0,0,5348172,"61 days, 21:36",attack,motors_spike
810,2023-04-12 20:15:00+00:00,pi2testbed,0.8,2.02,2.65,4,0,0,5348182,"61 days, 21:36",attack,motors_spike
811,2023-04-12 20:15:10+00:00,pi2testbed,0.68,1.99,2.56,4,0,0,5348192,"61 days, 21:36",attack,motors_spike
812,2023-04-12 20:15:20+00:00,pi2testbed,0.57,1.97,2.47,4,0,0,5348202,"61 days, 21:36",attack,motors_spike
813,2023-04-12 20:15:30+00:00,pi2testbed,0.48,1.95,2.39,4,0,0,5348212,"61 days, 21:36",attack,motors_spike
814,2023-04-12 20:15:40+00:00,pi2testbed,2.39,2.06,2.73,4,0,0,5348222,"61 days, 21:37",attack,motors_spike
815,2023-04-12 20:15:50+00:00,pi2testbed,5.41,2.28,3.36,4,0,0,5348232,"61 days, 21:37",attack,motors_spike
816,2023-04-12 20:16:00+00:00,pi2testbed,6.27,2.38,3.63,4,0,0,5348242,"61 days, 21:37",attack,motors_spike
817,2023-04-12 20:16:10+00:00,pi2testbed,5.31,2.35,3.51,4,0,0,5348252,"61 days, 21:37",attack,motors_spike
818,2023-04-12 20:16:20+00:00,pi2testbed,4.49,2.33,3.39,4,0,0,5348262,"61 days, 21:37",attack,motors_spike
819,2023-04-12 20:16:30+00:00,pi2testbed,3.8,2.3,3.28,4,0,0,5348272,"61 days, 21:37",attack,motors_spike
820,2023-04-12 20:16:40+00:00,pi2testbed,3.21,2.27,3.17,4,0,0,5348282,"61 days, 21:38",attack,motors_spike
821,2023-04-12 20:16:50+00:00,pi2testbed,2.72,2.25,3.07,4,0,0,5348292,"61 days, 21:38",attack,motors_spike
822,2023-04-12 20:17:00+00:00,pi2testbed,2.3,2.23,2.96,4,0,0,5348302,"61 days, 21:38",attack,motors_spike
823,2023-04-12 20:17:10+00:00,pi2testbed,1.95,2.2,2.87,4,0,0,5348312,"61 days, 21:38",attack,motors_spike
824,2023-04-12 20:17:20+00:00,pi2testbed,1.65,2.18,2.77,4,0,0,5348322,"61 days, 21:38",attack,motors_spike
825,2023-04-12 20:17:30+00:00,pi2testbed,1.39,2.15,2.68,4,0,0,5348332,"61 days, 21:38",attack,motors_spike
826,2023-04-12 20:17:40+00:00,pi2testbed,1.18,2.13,2.59,4,0,0,5348342,"61 days, 21:39",attack,motors_spike
827,2023-04-12 20:17:50+00:00,pi2testbed,1.08,2.11,2.52,4,0,0,5348352,"61 days, 21:39",attack,motors_spike
828,2023-04-12 20:18:00+00:00,pi2testbed,4.29,2.33,3.16,4,0,0,5348362,"61 days, 21:39",attack,motors_spike
829,2023-04-12 20:18:10+00:00,pi2testbed,7.02,2.54,3.78,4,0,0,5348372,"61 days, 21:39",attack,motors_spike
830,2023-04-12 20:18:20+00:00,pi2testbed,5.94,2.51,3.66,4,0,0,5348382,"61 days, 21:39",attack,motors_spike
831,2023-04-12 20:18:30+00:00,pi2testbed,5.02,2.48,3.54,4,0,0,5348392,"61 days, 21:39",attack,motors_spike
832,2023-04-12 20:18:40+00:00,pi2testbed,4.25,2.45,3.42,4,0,0,5348402,"61 days, 21:40",attack,motors_spike
833,2023-04-12 20:18:50+00:00,pi2testbed,3.6,2.43,3.31,4,0,0,5348412,"61 days, 21:40",attack,motors_spike
834,2023-04-12 20:19:00+00:00,pi2testbed,3.04,2.4,3.2,4,0,0,5348422,"61 days, 21:40",attack,motors_spike
835,2023-04-12 20:19:10+00:00,pi2testbed,2.58,2.37,3.09,4,0,0,5348432,"61 days, 21:40",attack,motors_spike
836,2023-04-12 20:19:20+00:00,pi2testbed,2.18,2.35,2.99,4,0,0,5348442,"61 days, 21:40",attack,motors_spike
837,2023-04-12 20:19:30+00:00,pi2testbed,1.92,2.33,2.91,4,0,0,5348452,"61 days, 21:40",attack,motors_spike
838,2023-04-12 20:19:40+00:00,pi2testbed,1.62,2.3,2.81,4,0,0,5348462,"61 days, 21:41",attack,motors_spike
839,2023-04-12 20:19:50+00:00,pi2testbed,1.37,2.28,2.72,4,0,0,5348472,"61 days, 21:41",attack,motors_spike
840,2023-04-12 20:20:00+00:00,pi2testbed,1.16,2.25,2.63,4,0,0,5348482,"61 days, 21:41",attack,motors_spike
841,2023-04-12 20:20:10+00:00,pi2testbed,0.98,2.23,2.54,4,0,0,5348492,"61 days, 21:41",attack,motors_spike
842,2023-04-12 20:20:20+00:00,pi2testbed,0.83,2.2,2.46,4,0,0,5348502,"61 days, 21:41",attack,motors_spike
843,2023-04-12 20:20:30+00:00,pi2testbed,0.94,2.2,2.43,4,0,0,5348512,"61 days, 21:41",attack,motors_spike
844,2023-04-12 20:20:40+00:00,pi2testbed,0.79,2.17,2.35,4,0,0,5348522,"61 days, 21:42",attack,motors_spike
845,2023-04-12 20:20:50+00:00,pi2testbed,0.67,2.15,2.27,4,0,0,5348532,"61 days, 21:42",attack,motors_spike
846,2023-04-12 20:21:00+00:00,pi2testbed,0.71,2.14,2.23,4,0,0,5348542,"61 days, 21:42",attack,motors_spike
847,2023-04-12 20:21:10+00:00,pi2testbed,0.6,2.11,2.15,4,0,0,5348552,"61 days, 21:42",attack,motors_spike
848,2023-04-12 20:21:20+00:00,pi2testbed,0.51,2.09,2.08,4,0,0,5348562,"61 days, 21:42",attack,motors_spike
849,2023-04-12 20:21:30+00:00,pi2testbed,0.43,2.07,2.01,4,0,0,5348572,"61 days, 21:42",attack,motors_spike
850,2023-04-12 20:21:40+00:00,pi2testbed,0.36,2.04,1.94,4,0,0,5348582,"61 days, 21:43",attack,motors_spike
851,2023-04-12 20:21:50+00:00,pi2testbed,0.31,2.02,1.88,4,0,0,5348592,"61 days, 21:43",attack,motors_spike
852,2023-04-12 20:22:00+00:00,pi2testbed,3.64,2.24,2.54,4,0,0,5348602,"61 days, 21:43",attack,motors_spike
853,2023-04-12 20:22:10+00:00,pi2testbed,6.47,2.45,3.18,4,0,0,5348612,"61 days, 21:43",attack,motors_spike
854,2023-04-12 20:22:20+00:00,pi2testbed,5.55,2.43,3.09,4,0,0,5348622,"61 days, 21:43",attack,motors_spike
855,2023-04-12 20:22:30+00:00,pi2testbed,4.69,2.4,2.99,4,0,0,5348632,"61 days, 21:43",attack,motors_spike
856,2023-04-12 20:22:40+00:00,pi2testbed,3.97,2.37,2.89,4,0,0,5348642,"61 days, 21:44",attack,motors_spike
857,2023-04-12 20:22:50+00:00,pi2testbed,3.36,2.35,2.8,4,0,0,5348652,"61 days, 21:44",attack,motors_spike
858,2023-04-12 20:23:00+00:00,pi2testbed,2.84,2.32,2.7,4,0,0,5348662,"61 days, 21:44",attack,motors_spike
859,2023-04-12 20:23:10+00:00,pi2testbed,2.41,2.3,2.62,4,0,0,5348672,"61 days, 21:44",attack,motors_spike
860,2023-04-12 20:23:20+00:00,pi2testbed,2.04,2.27,2.53,4,0,0,5348682,"61 days, 21:44",attack,motors_spike
861,2023-04-12 20:23:30+00:00,pi2testbed,1.72,2.25,2.45,4,0,0,5348692,"61 days, 21:44",attack,motors_spike
862,2023-04-12 20:23:40+00:00,pi2testbed,1.46,2.22,2.36,4,0,0,5348702,"61 days, 21:45",attack,motors_spike
863,2023-04-12 20:23:50+00:00,pi2testbed,1.23,2.2,2.29,4,0,0,5348712,"61 days, 21:45",attack,motors_spike
864,2023-04-12 20:24:00+00:00,pi2testbed,2.95,2.3,2.61,4,0,0,5348722,"61 days, 21:45",attack,motors_spike
865,2023-04-12 20:24:10+00:00,pi2testbed,5.88,2.52,3.25,4,0,0,5348732,"61 days, 21:45",attack,motors_spike
866,2023-04-12 20:24:20+00:00,pi2testbed,6.76,2.62,3.53,4,0,0,5348742,"61 days, 21:45",attack,motors_spike
867,2023-04-12 20:24:30+00:00,pi2testbed,5.72,2.59,3.42,4,0,0,5348752,"61 days, 21:45",attack,motors_spike
868,2023-04-12 20:24:40+00:00,pi2testbed,4.84,2.56,3.3,4,0,0,5348762,"61 days, 21:46",attack,motors_spike
869,2023-04-12 20:24:50+00:00,pi2testbed,4.09,2.53,3.19,4,0,0,5348772,"61 days, 21:46",attack,motors_spike
870,2023-04-12 20:25:00+00:00,pi2testbed,3.46,2.5,3.09,4,0,0,5348782,"61 days, 21:46",attack,motors_spike
871,2023-04-12 20:25:10+00:00,pi2testbed,2.93,2.48,2.99,4,0,0,5348792,"61 days, 21:46",attack,motors_spike
872,2023-04-12 20:25:20+00:00,pi2testbed,2.48,2.45,2.89,4,0,0,5348802,"61 days, 21:46",attack,motors_spike
873,2023-04-12 20:25:30+00:00,pi2testbed,2.1,2.42,2.79,4,0,0,5348812,"61 days, 21:46",attack,motors_spike
874,2023-04-12 20:25:40+00:00,pi2testbed,1.77,2.4,2.7,4,0,0,5348822,"61 days, 21:47",attack,motors_spike
875,2023-04-12 20:25:50+00:00,pi2testbed,1.66,2.38,2.64,4,0,0,5348832,"61 days, 21:47",attack,motors_spike
876,2023-04-12 20:26:00+00:00,pi2testbed,4.79,2.59,3.28,4,0,0,5348842,"61 days, 21:47",attack,motors_spike
877,2023-04-12 20:26:10+00:00,pi2testbed,7.44,2.8,3.9,4,0,0,5348852,"61 days, 21:47",attack,motors_spike
878,2023-04-12 20:26:20+00:00,pi2testbed,6.29,2.77,3.77,4,0,0,5348862,"61 days, 21:47",attack,motors_spike
879,2023-04-12 20:26:30+00:00,pi2testbed,5.32,2.74,3.64,4,0,0,5348872,"61 days, 21:47",attack,motors_spike
880,2023-04-12 20:26:40+00:00,pi2testbed,4.59,2.72,3.54,4,0,0,5348882,"61 days, 21:48",attack,motors_spike
881,2023-04-12 20:26:50+00:00,pi2testbed,3.88,2.69,3.42,4,0,0,5348892,"61 days, 21:48",attack,motors_spike
882,2023-04-12 20:27:00+00:00,pi2testbed,3.28,2.66,3.31,4,0,0,5348902,"61 days, 21:48",attack,motors_spike
883,2023-04-12 20:27:10+00:00,pi2testbed,2.78,2.63,3.2,4,0,0,5348912,"61 days, 21:48",attack,motors_spike
884,2023-04-12 20:27:20+00:00,pi2testbed,2.35,2.6,3.09,4,0,0,5348922,"61 days, 21:48",attack,motors_spike
885,2023-04-12 20:27:30+00:00,pi2testbed,1.99,2.57,2.99,4,0,0,5348932,"61 days, 21:48",attack,motors_spike
886,2023-04-12 20:27:40+00:00,pi2testbed,1.76,2.55,2.91,4,0,0,5348942,"61 days, 21:49",attack,motors_spike
887,2023-04-12 20:27:50+00:00,pi2testbed,4.87,2.76,3.54,4,0,0,5348952,"61 days, 21:49",attack,motors_spike
888,2023-04-12 20:28:00+00:00,pi2testbed,7.51,2.96,4.15,4,0,0,5348962,"61 days, 21:49",attack,motors_spike
889,2023-04-12 20:28:10+00:00,pi2testbed,6.35,2.93,4.01,4,0,0,5348972,"61 days, 21:49",attack,motors_spike
890,2023-04-12 20:28:20+00:00,pi2testbed,5.38,2.9,3.88,4,0,0,5348982,"61 days, 21:49",attack,motors_spike
891,2023-04-12 20:28:30+00:00,pi2testbed,4.55,2.87,3.75,4,0,0,5348992,"61 days, 21:49",attack,motors_spike
892,2023-04-12 20:28:40+00:00,pi2testbed,3.85,2.84,3.63,4,0,0,5349002,"61 days, 21:50",attack,motors_spike
893,2023-04-12 20:28:50+00:00,pi2testbed,3.26,2.81,3.51,4,0,0,5349012,"61 days, 21:50",attack,motors_spike
894,2023-04-12 20:29:00+00:00,pi2testbed,2.75,2.77,3.39,4,0,0,5349022,"61 days, 21:50",attack,motors_spike
895,2023-04-12 20:29:10+00:00,pi2testbed,2.33,2.74,3.28,4,0,0,5349032,"61 days, 21:50",attack,motors_spike
896,2023-04-12 20:29:20+00:00,pi2testbed,1.97,2.71,3.17,4,0,0,5349042,"61 days, 21:50",attack,motors_spike
897,2023-04-12 20:29:30+00:00,pi2testbed,1.67,2.68,3.06,4,0,0,5349052,"61 days, 21:50",attack,motors_spike
898,2023-04-12 20:29:40+00:00,pi2testbed,1.41,2.66,2.96,4,0,0,5349062,"61 days, 21:51",attack,motors_spike
899,2023-04-12 20:29:50+00:00,pi2testbed,1.19,2.63,2.86,4,0,0,5349072,"61 days, 21:51",attack,motors_spike
